Organisation,SectorCluster,County
Management Sciences for Health,Health,Juba
Management Sciences for Health,Health,Kajo Keji
Management Sciences for Health,Health,Lainya
Management Sciences for Health,Health,Morobo
Management Sciences for Health,Health,Terekeka
Management Sciences for Health,Health,Yei
Management Sciences for Health,Health,Ezo
Management Sciences for Health,Health,Ibba
Management Sciences for Health,Health,Maridi
Management Sciences for Health,Health,Mundri East
Management Sciences for Health,Health,Mundri West
Management Sciences for Health,Health,Mvolo
Management Sciences for Health,Health,Nagero
Management Sciences for Health,Health,Nzara
Management Sciences for Health,Health,Tambura
Management Sciences for Health,Health,Yambio
Management Sciences for Health,CCCM,Juba
Management Sciences for Health,CCCM,Kajo Keji
Management Sciences for Health,CCCM,Lainya
Management Sciences for Health,CCCM,Morobo
Management Sciences for Health,CCCM,Terekeka
Management Sciences for Health,CCCM,Yei
Management Sciences for Health,CCCM,Budi
Management Sciences for Health,CCCM,Magwi
Management Sciences for Health,CCCM,Torit
Management Sciences for Health,CCCM,Ezo
Management Sciences for Health,CCCM,Ibba
Management Sciences for Health,CCCM,Maridi
Management Sciences for Health,CCCM,Mundri East
Management Sciences for Health,CCCM,Mundri West
Management Sciences for Health,CCCM,Mvolo
Management Sciences for Health,CCCM,Nagero
Management Sciences for Health,CCCM,Nzara
Management Sciences for Health,CCCM,Tambura
Management Sciences for Health,CCCM,Yambio
Norwegian Peopel's Aid,Food Security & Livlihoods,Juba
Norwegian Peopel's Aid,Food Security & Livlihoods,Kajo Keji
Norwegian Peopel's Aid,Food Security & Livlihoods,Ikotos
Norwegian Peopel's Aid,Food Security & Livlihoods,Torit
Norwegian Peopel's Aid,Food Security & Livlihoods,Mvolo
Norwegian Peopel's Aid,Food Security & Livlihoods,Tambura
Norwegian Peopel's Aid,Food Security & Livlihoods,Bor South
Norwegian Peopel's Aid,Food Security & Livlihoods,Twic East
Norwegian Peopel's Aid,Food Security & Livlihoods,Fangak
Norwegian Peopel's Aid,Food Security & Livlihoods,Canal/pigi
Norwegian Peopel's Aid,Food Security & Livlihoods,Pochalla
Norwegian Peopel's Aid,Food Security & Livlihoods,Awerial
Norwegian Peopel's Aid,Food Security & Livlihoods,Cueibet
Norwegian Peopel's Aid,Food Security & Livlihoods,Rumbek Centre
Norwegian Peopel's Aid,Food Security & Livlihoods,Rumbek East
Norwegian Peopel's Aid,Food Security & Livlihoods,Rumbek North
Norwegian Peopel's Aid,Food Security & Livlihoods,Wulu
Norwegian Peopel's Aid,Food Security & Livlihoods,Yirol East
Norwegian Peopel's Aid,Food Security & Livlihoods,Yirol West
Norwegian Peopel's Aid,Food Security & Livlihoods,Guit
Norwegian Peopel's Aid,Food Security & Livlihoods,Longochuk
Norwegian Peopel's Aid,Food Security & Livlihoods,Maban
Norwegian Peopel's Aid,Food Security & Livlihoods,Maiwut
Norwegian Peopel's Aid,CCCM,Fangak
Norwegian Peopel's Aid,Nutrition,Juba
Norwegian Peopel's Aid,Nutrition,Terekeka
Norwegian Peopel's Aid,Nutrition,Bor South
Norwegian Peopel's Aid,Nutrition,Twic East
Norwegian Peopel's Aid,Nutrition,Pochalla
Norwegian Peopel's Aid,Nutrition,Awerial
Norwegian Peopel's Aid,Nutrition,Cueibet
Norwegian Peopel's Aid,Nutrition,Rumbek Centre
Norwegian Peopel's Aid,Nutrition,Rumbek East
Norwegian Peopel's Aid,Nutrition,Rumbek North
Norwegian Peopel's Aid,Nutrition,Wulu
Norwegian Peopel's Aid,Nutrition,Yirol East
Norwegian Peopel's Aid,Nutrition,Yirol West
Norwegian Peopel's Aid,Shelter and Non-Food Items,Pochalla
Norwegian Peopel's Aid,Shelter and Non-Food Items,Cueibet
Norwegian Peopel's Aid,Shelter and Non-Food Items,Rumbek East
Norwegian Peopel's Aid,Shelter and Non-Food Items,Rumbek North
Norwegian Peopel's Aid,Shelter and Non-Food Items,Yirol West
Norwegian Peopel's Aid,Shelter and Non-Food Items,Longochuk
Norwegian Peopel's Aid,Shelter and Non-Food Items,Maiwut
Norwegian Peopel's Aid,WASH,Rumbek East
Norwegian Peopel's Aid,Conflict Prevention & Peacebuilding,Juba
Norwegian Peopel's Aid,Conflict Prevention & Peacebuilding,Mvolo
Norwegian Peopel's Aid,Conflict Prevention & Peacebuilding,Rumbek East
Norwegian Peopel's Aid,Conflict Prevention & Peacebuilding,Yirol West
Norwegian Peopel's Aid,Governance & Rule of Law,Juba
Norwegian Peopel's Aid,Environment & Natural Resources,Juba
Norwegian Peopel's Aid,Environment & Natural Resources,Torit
Norwegian Peopel's Aid,Environment & Natural Resources,Yambio
Norwegian Peopel's Aid,Environment & Natural Resources,Aweil Centre
Norwegian Peopel's Aid,Environment & Natural Resources,Wau
Norwegian Peopel's Aid,Environment & Natural Resources,Gogrial West
Norwegian Peopel's Aid,Media,Juba
CBM,Health,Juba
CBM,Health,Kajo Keji
CBM,Health,Lainya
CBM,Health,Morobo
CBM,Health,Terekeka
CBM,Health,Yei
CBM,Protection,Juba
Polish Humanitarian Action,Shelter and Non-Food Items,Juba
Polish Humanitarian Action,Shelter and Non-Food Items,Kajo Keji
Polish Humanitarian Action,Shelter and Non-Food Items,Lainya
Polish Humanitarian Action,Shelter and Non-Food Items,Morobo
Polish Humanitarian Action,Shelter and Non-Food Items,Terekeka
Polish Humanitarian Action,Shelter and Non-Food Items,Yei
Polish Humanitarian Action,Shelter and Non-Food Items,Budi
Polish Humanitarian Action,Shelter and Non-Food Items,Ikotos
Polish Humanitarian Action,Shelter and Non-Food Items,Kapoeta East
Polish Humanitarian Action,Shelter and Non-Food Items,Kapoeta North
Polish Humanitarian Action,Shelter and Non-Food Items,Kapoeta South
Polish Humanitarian Action,Shelter and Non-Food Items,Lafon
Polish Humanitarian Action,Shelter and Non-Food Items,Magwi
Polish Humanitarian Action,Shelter and Non-Food Items,Torit
Polish Humanitarian Action,Shelter and Non-Food Items,Ezo
Polish Humanitarian Action,Shelter and Non-Food Items,Ibba
Polish Humanitarian Action,Shelter and Non-Food Items,Maridi
Polish Humanitarian Action,Shelter and Non-Food Items,Mundri East
Polish Humanitarian Action,Shelter and Non-Food Items,Mundri West
Polish Humanitarian Action,Shelter and Non-Food Items,Mvolo
Polish Humanitarian Action,Shelter and Non-Food Items,Nagero
Polish Humanitarian Action,Shelter and Non-Food Items,Nzara
Polish Humanitarian Action,Shelter and Non-Food Items,Tambura
Polish Humanitarian Action,Shelter and Non-Food Items,Yambio
Polish Humanitarian Action,Shelter and Non-Food Items,Akobo
Polish Humanitarian Action,Shelter and Non-Food Items,Ayod
Polish Humanitarian Action,Shelter and Non-Food Items,Bor South
Polish Humanitarian Action,Shelter and Non-Food Items,Twic East
Polish Humanitarian Action,Shelter and Non-Food Items,Duk
Polish Humanitarian Action,Shelter and Non-Food Items,Fangak
Polish Humanitarian Action,Shelter and Non-Food Items,Canal/pigi
Polish Humanitarian Action,Shelter and Non-Food Items,Nyirol
Polish Humanitarian Action,Shelter and Non-Food Items,Pibor
Polish Humanitarian Action,Shelter and Non-Food Items,Pochalla
Polish Humanitarian Action,Shelter and Non-Food Items,Uror
Polish Humanitarian Action,Shelter and Non-Food Items,Abiemnon
Polish Humanitarian Action,Shelter and Non-Food Items,Guit
Polish Humanitarian Action,Shelter and Non-Food Items,Koch
Polish Humanitarian Action,Shelter and Non-Food Items,Leer
Polish Humanitarian Action,Shelter and Non-Food Items,Mayendit
Polish Humanitarian Action,Shelter and Non-Food Items,Mayom
Polish Humanitarian Action,Shelter and Non-Food Items,Pariang
Polish Humanitarian Action,Shelter and Non-Food Items,Panyijar
Polish Humanitarian Action,Shelter and Non-Food Items,Rubkona
Polish Humanitarian Action,WASH,Juba
Polish Humanitarian Action,WASH,Kajo Keji
Polish Humanitarian Action,WASH,Lainya
Polish Humanitarian Action,WASH,Morobo
Polish Humanitarian Action,WASH,Terekeka
Polish Humanitarian Action,WASH,Yei
Polish Humanitarian Action,WASH,Budi
Polish Humanitarian Action,WASH,Ikotos
Polish Humanitarian Action,WASH,Kapoeta East
Polish Humanitarian Action,WASH,Kapoeta North
Polish Humanitarian Action,WASH,Kapoeta South
Polish Humanitarian Action,WASH,Lafon
Polish Humanitarian Action,WASH,Magwi
Polish Humanitarian Action,WASH,Torit
Polish Humanitarian Action,WASH,Ezo
Polish Humanitarian Action,WASH,Ibba
Polish Humanitarian Action,WASH,Maridi
Polish Humanitarian Action,WASH,Mundri East
Polish Humanitarian Action,WASH,Mundri West
Polish Humanitarian Action,WASH,Mvolo
Polish Humanitarian Action,WASH,Nagero
Polish Humanitarian Action,WASH,Nzara
Polish Humanitarian Action,WASH,Tambura
Polish Humanitarian Action,WASH,Yambio
Polish Humanitarian Action,WASH,Akobo
Polish Humanitarian Action,WASH,Ayod
Polish Humanitarian Action,WASH,Bor South
Polish Humanitarian Action,WASH,Twic East
Polish Humanitarian Action,WASH,Duk
Polish Humanitarian Action,WASH,Fangak
Polish Humanitarian Action,WASH,Canal/pigi
Polish Humanitarian Action,WASH,Nyirol
Polish Humanitarian Action,WASH,Pibor
Polish Humanitarian Action,WASH,Pochalla
Polish Humanitarian Action,WASH,Uror
Polish Humanitarian Action,WASH,Abiemnon
Polish Humanitarian Action,WASH,Guit
Polish Humanitarian Action,WASH,Koch
Polish Humanitarian Action,WASH,Leer
Polish Humanitarian Action,WASH,Mayendit
Polish Humanitarian Action,WASH,Mayom
Polish Humanitarian Action,WASH,Pariang
Polish Humanitarian Action,WASH,Panyijar
Polish Humanitarian Action,WASH,Rubkona
HealthNet TPO,Health,Aweil North
HealthNet TPO,Health,Aweil West
HealthNet TPO,Health,Jur River
HealthNet TPO,Health,Raga
HealthNet TPO,Health,Wau
HealthNet TPO,Nutrition,Aweil North
HealthNet TPO,Nutrition,Aweil West
HealthNet TPO,Nutrition,Jur River
HealthNet TPO,Nutrition,Raga
HealthNet TPO,Nutrition,Wau
HealthNet TPO,Protection,Juba
HealthNet TPO,Protection,Jur River
HealthNet TPO,Protection,Wau
Christian Mission Aid,Health,Fangak
Christian Mission Aid,Health,Nyirol
Christian Mission Aid,Nutrition,Fangak
Christian Mission Aid,Nutrition,Nyirol
Jhpiego,Health,Juba
Jhpiego,Health,Lainya
Jhpiego,Health,Morobo
Jhpiego,Health,Yei
Jhpiego,Health,Ibba
Jhpiego,Health,Maridi
Jhpiego,Health,Mundri West
Jhpiego,Health,Nagero
Jhpiego,Health,Tambura
Jhpiego,Health,Yambio
AECOM INTERNATIONAL SOUTH SUDAN (VISTAS PROJECT),Conflict Prevention & Peacebuilding,Juba
AECOM INTERNATIONAL SOUTH SUDAN (VISTAS PROJECT),Conflict Prevention & Peacebuilding,Yambio
AECOM INTERNATIONAL SOUTH SUDAN (VISTAS PROJECT),Conflict Prevention & Peacebuilding,Akobo
AECOM INTERNATIONAL SOUTH SUDAN (VISTAS PROJECT),Conflict Prevention & Peacebuilding,Bor South
AECOM INTERNATIONAL SOUTH SUDAN (VISTAS PROJECT),Conflict Prevention & Peacebuilding,Pibor
AECOM INTERNATIONAL SOUTH SUDAN (VISTAS PROJECT),Conflict Prevention & Peacebuilding,Rumbek Centre
AECOM INTERNATIONAL SOUTH SUDAN (VISTAS PROJECT),Conflict Prevention & Peacebuilding,Rumbek East
AECOM INTERNATIONAL SOUTH SUDAN (VISTAS PROJECT),Conflict Prevention & Peacebuilding,Rumbek North
AECOM INTERNATIONAL SOUTH SUDAN (VISTAS PROJECT),Conflict Prevention & Peacebuilding,Aweil Centre
AECOM INTERNATIONAL SOUTH SUDAN (VISTAS PROJECT),Conflict Prevention & Peacebuilding,Aweil East
AECOM INTERNATIONAL SOUTH SUDAN (VISTAS PROJECT),Conflict Prevention & Peacebuilding,Aweil North
AECOM INTERNATIONAL SOUTH SUDAN (VISTAS PROJECT),Conflict Prevention & Peacebuilding,Aweil South
AECOM INTERNATIONAL SOUTH SUDAN (VISTAS PROJECT),Conflict Prevention & Peacebuilding,Aweil West
AECOM INTERNATIONAL SOUTH SUDAN (VISTAS PROJECT),Conflict Prevention & Peacebuilding,Raga
AECOM INTERNATIONAL SOUTH SUDAN (VISTAS PROJECT),Conflict Prevention & Peacebuilding,Leer
AECOM INTERNATIONAL SOUTH SUDAN (VISTAS PROJECT),Conflict Prevention & Peacebuilding,Rubkona
AECOM INTERNATIONAL SOUTH SUDAN (VISTAS PROJECT),Conflict Prevention & Peacebuilding,Malakal
International Rescue Committee,Food Security & Livlihoods,Panyijar
International Rescue Committee,Health,Awerial
International Rescue Committee,Health,Cueibet
International Rescue Committee,Health,Rumbek Centre
International Rescue Committee,Health,Aweil East
International Rescue Committee,Health,Aweil South
International Rescue Committee,Nutrition,Panyijar
International Rescue Committee,Nutrition,Rubkona
International Rescue Committee,Protection,Juba
International Rescue Committee,Protection,Panyijar
International Rescue Committee,Protection,Rubkona
International Rescue Committee,Shelter and Non-Food Items,Juba
Intersos,Education,Juba
Intersos,Education,Bor South
Intersos,Education,Mayendit
Intersos,Education,Mayom
Intersos,Education,Rubkona
Intersos,Education,Malakal
Intersos,Nutrition,Magwi
Intersos,Protection,Juba
Intersos,Protection,Akobo
Intersos,Protection,Bor South
Intersos,Protection,Pibor
Intersos,Protection,Fashoda
Intersos,Protection,Malakal
Intersos,Shelter and Non-Food Items,Torit
Intersos,WASH,Yambio
Open Society Institute Company Limited,Health,Magwi
Open Society Institute Company Limited,Protection,Juba
Open Society Institute Company Limited,Protection,Yei
Open Society Institute Company Limited,Protection,Ikotos
Open Society Institute Company Limited,Protection,Magwi
Open Society Institute Company Limited,Protection,Torit
Open Society Institute Company Limited,Protection,Duk
Open Society Institute Company Limited,Protection,Rumbek Centre
Open Society Institute Company Limited,Protection,Wau
Open Society Institute Company Limited,Protection,Tonj South
Open Society Institute Company Limited,Conflict Prevention & Peacebuilding,Juba
Open Society Institute Company Limited,Conflict Prevention & Peacebuilding,Kajo Keji
Open Society Institute Company Limited,Conflict Prevention & Peacebuilding,Lainya
Open Society Institute Company Limited,Conflict Prevention & Peacebuilding,Morobo
Open Society Institute Company Limited,Conflict Prevention & Peacebuilding,Yei
Open Society Institute Company Limited,Conflict Prevention & Peacebuilding,Ikotos
Open Society Institute Company Limited,Conflict Prevention & Peacebuilding,Magwi
Open Society Institute Company Limited,Conflict Prevention & Peacebuilding,Torit
Open Society Institute Company Limited,Conflict Prevention & Peacebuilding,Tambura
Open Society Institute Company Limited,Conflict Prevention & Peacebuilding,Yambio
Open Society Institute Company Limited,Conflict Prevention & Peacebuilding,Wau
Open Society Institute Company Limited,Governance & Rule of Law,Juba
Open Society Institute Company Limited,Governance & Rule of Law,Kajo Keji
Open Society Institute Company Limited,Governance & Rule of Law,Lainya
Open Society Institute Company Limited,Governance & Rule of Law,Morobo
Open Society Institute Company Limited,Governance & Rule of Law,Yei
Open Society Institute Company Limited,Governance & Rule of Law,Ikotos
Open Society Institute Company Limited,Governance & Rule of Law,Magwi
Open Society Institute Company Limited,Governance & Rule of Law,Wau
Open Society Institute Company Limited,Media,Juba
Open Society Institute Company Limited,Media,Kajo Keji
Open Society Institute Company Limited,Media,Lainya
Open Society Institute Company Limited,Media,Morobo
Open Society Institute Company Limited,Media,Terekeka
Open Society Institute Company Limited,Media,Yei
Open Society Institute Company Limited,Media,Yambio
Open Society Institute Company Limited,Media,Aweil Centre
Open Society Institute Company Limited,Media,Wau
Open Society Institute Company Limited,Media,Gogrial East
Open Society Institute Company Limited,Media,Gogrial West
ZOA South Sudan,Food Security & Livlihoods,Juba
ZOA South Sudan,Food Security & Livlihoods,Lainya
ZOA South Sudan,Food Security & Livlihoods,Terekeka
ZOA South Sudan,Food Security & Livlihoods,Lafon
ZOA South Sudan,Food Security & Livlihoods,Torit
ZOA South Sudan,Food Security & Livlihoods,Akobo
ZOA South Sudan,Food Security & Livlihoods,Ayod
ZOA South Sudan,Food Security & Livlihoods,Bor South
ZOA South Sudan,Food Security & Livlihoods,Fangak
ZOA South Sudan,Food Security & Livlihoods,Canal/pigi
ZOA South Sudan,Food Security & Livlihoods,Pibor
ZOA South Sudan,Nutrition,Fangak
ZOA South Sudan,Nutrition,Canal/pigi
ZOA South Sudan,Protection,Fangak
ZOA South Sudan,Protection,Canal/pigi
ZOA South Sudan,Shelter and Non-Food Items,Fangak
ZOA South Sudan,Shelter and Non-Food Items,Canal/pigi
ZOA South Sudan,WASH,Akobo
ZOA South Sudan,WASH,Ayod
ZOA South Sudan,WASH,Bor South
ZOA South Sudan,WASH,Fangak
ZOA South Sudan,WASH,Canal/pigi
ZOA South Sudan,Conflict Prevention & Peacebuilding,Akobo
ZOA South Sudan,Conflict Prevention & Peacebuilding,Bor South
ZOA South Sudan,Conflict Prevention & Peacebuilding,Pibor
ZOA South Sudan,Environment & Natural Resources,Lafon
ZOA South Sudan,Environment & Natural Resources,Torit
International Red Cross and Red Crescent Societies,Education,Awerial
International Red Cross and Red Crescent Societies,Health,Juba
International Red Cross and Red Crescent Societies,Health,Terekeka
International Red Cross and Red Crescent Societies,Health,Yei
International Red Cross and Red Crescent Societies,Health,Kapoeta East
International Red Cross and Red Crescent Societies,Health,Torit
International Red Cross and Red Crescent Societies,Health,Bor South
International Red Cross and Red Crescent Societies,Health,Rumbek North
International Red Cross and Red Crescent Societies,Health,Aweil Centre
International Red Cross and Red Crescent Societies,Health,Aweil East
International Red Cross and Red Crescent Societies,Health,Aweil North
International Red Cross and Red Crescent Societies,Health,Malakal
Johanniter Unfall Hilfe e.V/Johanniter International Assistance,Food Security & Livlihoods,Jur River
Johanniter Unfall Hilfe e.V/Johanniter International Assistance,Food Security & Livlihoods,Raga
Johanniter Unfall Hilfe e.V/Johanniter International Assistance,Food Security & Livlihoods,Wau
Johanniter Unfall Hilfe e.V/Johanniter International Assistance,Health,Nagero
Johanniter Unfall Hilfe e.V/Johanniter International Assistance,Health,Tambura
Johanniter Unfall Hilfe e.V/Johanniter International Assistance,Nutrition,Jur River
Johanniter Unfall Hilfe e.V/Johanniter International Assistance,Nutrition,Raga
Johanniter Unfall Hilfe e.V/Johanniter International Assistance,Nutrition,Wau
Johanniter Unfall Hilfe e.V/Johanniter International Assistance,WASH,Jur River
Johanniter Unfall Hilfe e.V/Johanniter International Assistance,WASH,Raga
Johanniter Unfall Hilfe e.V/Johanniter International Assistance,WASH,Wau
ACROSS,Education,Juba
ACROSS,Education,Yei
ACROSS,Education,Pibor
ACROSS,Education,Rumbek Centre
ACROSS,Education,Rumbek East
ACROSS,Food Security & Livlihoods,Juba
ACROSS,Food Security & Livlihoods,Yei
ACROSS,Food Security & Livlihoods,Pibor
ACROSS,Food Security & Livlihoods,Rumbek Centre
ACROSS,Food Security & Livlihoods,Rumbek East
ACROSS,Health,Juba
ACROSS,Health,Yei
ACROSS,Health,Rumbek Centre
ACROSS,Health,Rumbek East
ACROSS,CCCM,Juba
ACROSS,CCCM,Yei
ACROSS,Nutrition,Juba
ACROSS,Nutrition,Yei
ACROSS,Protection,Juba
ACROSS,Protection,Yei
ACROSS,Shelter and Non-Food Items,Juba
ACROSS,Shelter and Non-Food Items,Terekeka
ACROSS,Shelter and Non-Food Items,Yei
ACROSS,Shelter and Non-Food Items,Torit
ACROSS,WASH,Juba
ACROSS,WASH,Yei
ACROSS,Governance & Rule of Law,Rumbek Centre
ACROSS,Governance & Rule of Law,Rumbek East
ACROSS,Governance & Rule of Law,Wulu
ACROSS,Governance & Rule of Law,Yirol East
ACROSS,Governance & Rule of Law,Yirol West
ACROSS,Environment & Natural Resources,Rumbek East
ACROSS,Media,Juba
ACROSS,Media,Yei
ACROSS,Media,Bor South
ACROSS,Media,Twic East
ACROSS,Media,Duk
ACROSS,Media,Pibor
ACROSS,Media,Pochalla
Dorcas Aid International,Food Security & Livlihoods,Aweil North
Dorcas Aid International,Food Security & Livlihoods,Wau
Dorcas Aid International,Food Security & Livlihoods,Gogrial West
Dorcas Aid International,Health,Gogrial West
Dorcas Aid International,Nutrition,Wau
Dorcas Aid International,Protection,Aweil North
Dorcas Aid International,Protection,Wau
Dorcas Aid International,WASH,Aweil North
Dorcas Aid International,WASH,Wau
Dorcas Aid International,Conflict Prevention & Peacebuilding,Aweil North
Dorcas Aid International,Conflict Prevention & Peacebuilding,Wau
CMMB,Health,Ezo
CMMB,Health,Ibba
CMMB,Health,Mvolo
CMMB,Health,Nzara
CMMB,Health,Yambio
CMMB,Nutrition,Ezo
CMMB,Nutrition,Mvolo
CMMB,Nutrition,Nzara
CMMB,Nutrition,Yambio
CMMB,Protection,Ezo
CMMB,Protection,Nzara
CMMB,Protection,Yambio
CMMB,WASH,Nzara
SOLIDARITES INTERNATIONAL,Food Security & Livlihoods,Fangak
SOLIDARITES INTERNATIONAL,Food Security & Livlihoods,Fashoda
SOLIDARITES INTERNATIONAL,Food Security & Livlihoods,Malakal
SOLIDARITES INTERNATIONAL,WASH,Juba
SOLIDARITES INTERNATIONAL,WASH,Kajo Keji
SOLIDARITES INTERNATIONAL,WASH,Yei
SOLIDARITES INTERNATIONAL,WASH,Fangak
SOLIDARITES INTERNATIONAL,WASH,Aweil Centre
SOLIDARITES INTERNATIONAL,WASH,Aweil East
SOLIDARITES INTERNATIONAL,WASH,Aweil North
SOLIDARITES INTERNATIONAL,WASH,Baliet
SOLIDARITES INTERNATIONAL,WASH,Fashoda
SOLIDARITES INTERNATIONAL,WASH,Malakal
War Child Holland,Education,Juba
War Child Holland,Education,Kapoeta South
War Child Holland,Education,Magwi
War Child Holland,Education,Torit
War Child Holland,Education,Bor South
War Child Holland,Education,Malakal
War Child Holland,Protection,Juba
War Child Holland,Protection,Kapoeta South
War Child Holland,Protection,Magwi
War Child Holland,Protection,Torit
War Child Holland,Protection,Bor South
War Child Holland,Protection,Malakal
Windle Trust International,Education,Juba
Windle Trust International,Education,Ezo
Windle Trust International,Education,Ibba
Windle Trust International,Education,Maridi
Windle Trust International,Education,Mundri East
Windle Trust International,Education,Mundri West
Windle Trust International,Education,Mvolo
Windle Trust International,Education,Nagero
Windle Trust International,Education,Nzara
Windle Trust International,Education,Tambura
Windle Trust International,Education,Yambio
Windle Trust International,Education,Awerial
Windle Trust International,Education,Cueibet
Windle Trust International,Education,Rumbek Centre
Windle Trust International,Education,Rumbek East
Windle Trust International,Education,Rumbek North
Windle Trust International,Education,Wulu
Windle Trust International,Education,Yirol East
Windle Trust International,Education,Yirol West
Windle Trust International,Education,Abiemnon
Windle Trust International,Education,Guit
Windle Trust International,Education,Koch
Windle Trust International,Education,Leer
Windle Trust International,Education,Mayendit
Windle Trust International,Education,Mayom
Windle Trust International,Education,Pariang
Windle Trust International,Education,Panyijar
Windle Trust International,Education,Rubkona
IntraHealth International,Health,Juba
IntraHealth International,Health,Kajo Keji
IntraHealth International,Health,Yei
IntraHealth International,Health,Lafon
IntraHealth International,Health,Magwi
IntraHealth International,Health,Torit
IntraHealth International,Health,Yambio
IntraHealth International,Protection,Juba
IntraHealth International,Protection,Yei
IntraHealth International,Protection,Magwi
IntraHealth International,Protection,Yambio
Interchurch Medical Assistance World Health,Health,Juba
Interchurch Medical Assistance World Health,Health,Bor South
Interchurch Medical Assistance World Health,Health,Wau
Interchurch Medical Assistance World Health,Nutrition,Ayod
Interchurch Medical Assistance World Health,Nutrition,Duk
Interchurch Medical Assistance World Health,Nutrition,Fangak
Interchurch Medical Assistance World Health,Nutrition,Canal/pigi
Help - Hilfe zur Selbsthile,Education,Juba
Help - Hilfe zur Selbsthile,Food Security & Livlihoods,Jur River
Help - Hilfe zur Selbsthile,Food Security & Livlihoods,Wau
Help - Hilfe zur Selbsthile,Food Security & Livlihoods,Gogrial West
Help - Hilfe zur Selbsthile,Food Security & Livlihoods,Tonj North
Help - Hilfe zur Selbsthile,Food Security & Livlihoods,Twic
Help - Hilfe zur Selbsthile,Nutrition,Yirol East
Help - Hilfe zur Selbsthile,Nutrition,Yirol West
Help - Hilfe zur Selbsthile,Shelter and Non-Food Items,Awerial
Help - Hilfe zur Selbsthile,Shelter and Non-Food Items,Yirol East
Help - Hilfe zur Selbsthile,Shelter and Non-Food Items,Yirol West
Help - Hilfe zur Selbsthile,WASH,Awerial
Help - Hilfe zur Selbsthile,WASH,Yirol East
Help - Hilfe zur Selbsthile,WASH,Yirol West
Help - Hilfe zur Selbsthile,WASH,Jur River
Help - Hilfe zur Selbsthile,WASH,Wau
Help - Hilfe zur Selbsthile,WASH,Gogrial West
Help - Hilfe zur Selbsthile,WASH,Tonj North
Help - Hilfe zur Selbsthile,WASH,Twic
World Vision,Education,Juba
World Vision,Education,Ezo
World Vision,Education,Tambura
World Vision,Education,Yambio
World Vision,Education,Fashoda
World Vision,Education,Malakal
World Vision,Education,Manyo
World Vision,Education,Melut
World Vision,Education,Panyikang
World Vision,Education,Gogrial East
World Vision,Education,Gogrial West
World Vision,Education,Tonj East
World Vision,Education,Tonj North
World Vision,Education,Tonj South
World Vision,Education,Twic
World Vision,Food Security & Livlihoods,Juba
World Vision,Food Security & Livlihoods,Ezo
World Vision,Food Security & Livlihoods,Ibba
World Vision,Food Security & Livlihoods,Maridi
World Vision,Food Security & Livlihoods,Nzara
World Vision,Food Security & Livlihoods,Tambura
World Vision,Food Security & Livlihoods,Yambio
World Vision,Food Security & Livlihoods,Aweil Centre
World Vision,Food Security & Livlihoods,Aweil East
World Vision,Food Security & Livlihoods,Aweil North
World Vision,Food Security & Livlihoods,Aweil South
World Vision,Food Security & Livlihoods,Baliet
World Vision,Food Security & Livlihoods,Fashoda
World Vision,Food Security & Livlihoods,Malakal
World Vision,Food Security & Livlihoods,Manyo
World Vision,Food Security & Livlihoods,Melut
World Vision,Food Security & Livlihoods,Panyikang
World Vision,Food Security & Livlihoods,Renk
World Vision,Food Security & Livlihoods,Ulang
World Vision,Food Security & Livlihoods,Gogrial East
World Vision,Food Security & Livlihoods,Gogrial West
World Vision,Food Security & Livlihoods,Tonj East
World Vision,Food Security & Livlihoods,Tonj South
World Vision,Health,Ezo
World Vision,Health,Tambura
World Vision,Health,Yambio
World Vision,Health,Aweil East
World Vision,Health,Aweil North
World Vision,Health,Aweil South
World Vision,Health,Renk
World Vision,Health,Gogrial East
World Vision,Health,Gogrial West
World Vision,Health,Tonj North
World Vision,Health,Twic
World Vision,CCCM,Yambio
World Vision,Nutrition,Juba
World Vision,Nutrition,Yambio
World Vision,Nutrition,Fashoda
World Vision,Nutrition,Malakal
World Vision,Nutrition,Manyo
World Vision,Nutrition,Melut
World Vision,Nutrition,Panyikang
World Vision,Nutrition,Renk
World Vision,Nutrition,Ulang
World Vision,Nutrition,Gogrial East
World Vision,Nutrition,Gogrial West
World Vision,Nutrition,Tonj North
World Vision,Nutrition,Twic
World Vision,Protection,Juba
World Vision,Protection,Tambura
World Vision,Protection,Yambio
World Vision,Protection,Melut
World Vision,Protection,Gogrial West
World Vision,Shelter and Non-Food Items,Juba
World Vision,Shelter and Non-Food Items,Ezo
World Vision,Shelter and Non-Food Items,Yambio
World Vision,Shelter and Non-Food Items,Fangak
World Vision,Shelter and Non-Food Items,Fashoda
World Vision,Shelter and Non-Food Items,Malakal
World Vision,Shelter and Non-Food Items,Melut
World Vision,Shelter and Non-Food Items,Tonj North
World Vision,Shelter and Non-Food Items,Twic
World Vision,WASH,Ezo
World Vision,WASH,Tambura
World Vision,WASH,Yambio
World Vision,WASH,Fashoda
World Vision,WASH,Malakal
World Vision,WASH,Manyo
World Vision,WASH,Melut
World Vision,WASH,Panyikang
World Vision,WASH,Renk
World Vision,Governance & Rule of Law,Ezo
World Vision,Governance & Rule of Law,Ibba
World Vision,Governance & Rule of Law,Maridi
World Vision,Governance & Rule of Law,Mvolo
World Vision,Governance & Rule of Law,Nagero
World Vision,Governance & Rule of Law,Tambura
World Vision,Governance & Rule of Law,Yambio
World Vision,Governance & Rule of Law,Gogrial West
World Vision,Governance & Rule of Law,Tonj North
World Vision,Governance & Rule of Law,Twic
MEDAIR South Sudan,Education,Juba
MEDAIR South Sudan,Education,Kajo Keji
MEDAIR South Sudan,Education,Lafon
MEDAIR South Sudan,Education,Mundri East
MEDAIR South Sudan,Education,Ayod
MEDAIR South Sudan,Education,Bor South
MEDAIR South Sudan,Education,Awerial
MEDAIR South Sudan,Education,Aweil Centre
MEDAIR South Sudan,Education,Aweil East
MEDAIR South Sudan,Education,Aweil North
MEDAIR South Sudan,Education,Aweil South
MEDAIR South Sudan,Education,Aweil West
MEDAIR South Sudan,Education,Leer
MEDAIR South Sudan,Education,Mayendit
MEDAIR South Sudan,Health,Juba
MEDAIR South Sudan,Health,Aweil Centre
MEDAIR South Sudan,Health,Aweil North
MEDAIR South Sudan,Health,Wau
MEDAIR South Sudan,Health,Leer
MEDAIR South Sudan,Health,Mayendit
MEDAIR South Sudan,Health,Maban
MEDAIR South Sudan,Health,Renk
MEDAIR South Sudan,Nutrition,Juba
MEDAIR South Sudan,Nutrition,Aweil Centre
MEDAIR South Sudan,Nutrition,Aweil North
MEDAIR South Sudan,Nutrition,Aweil South
MEDAIR South Sudan,Nutrition,Leer
MEDAIR South Sudan,Nutrition,Mayendit
MEDAIR South Sudan,Nutrition,Maban
MEDAIR South Sudan,Nutrition,Renk
MEDAIR South Sudan,Protection,Juba
MEDAIR South Sudan,Protection,Leer
MEDAIR South Sudan,Protection,Maban
MEDAIR South Sudan,Protection,Renk
MEDAIR South Sudan,Shelter and Non-Food Items,Juba
MEDAIR South Sudan,Shelter and Non-Food Items,Lafon
MEDAIR South Sudan,Shelter and Non-Food Items,Torit
MEDAIR South Sudan,Shelter and Non-Food Items,Aweil Centre
MEDAIR South Sudan,Shelter and Non-Food Items,Leer
MEDAIR South Sudan,Shelter and Non-Food Items,Mayendit
MEDAIR South Sudan,WASH,Juba
MEDAIR South Sudan,WASH,Kajo Keji
MEDAIR South Sudan,WASH,Yei
MEDAIR South Sudan,WASH,Lafon
MEDAIR South Sudan,WASH,Ayod
MEDAIR South Sudan,WASH,Aweil Centre
MEDAIR South Sudan,WASH,Aweil North
MEDAIR South Sudan,WASH,Aweil West
MEDAIR South Sudan,WASH,Wau
MEDAIR South Sudan,WASH,Koch
MEDAIR South Sudan,WASH,Leer
MEDAIR South Sudan,WASH,Mayendit
MEDAIR South Sudan,WASH,Maban
MEDAIR South Sudan,WASH,Renk
BBC Media Action,Education,Juba
BBC Media Action,Education,Kapoeta South
BBC Media Action,Education,Torit
BBC Media Action,Education,Bor South
BBC Media Action,Education,Aweil Centre
BBC Media Action,Education,Wau
BRAC South Sudan ,Education,Juba
BRAC South Sudan ,Health,Juba
Danish Refugee Council/Danish Demining Group,Food Security & Livlihoods,Guit
Danish Refugee Council/Danish Demining Group,Food Security & Livlihoods,Pariang
Danish Refugee Council/Danish Demining Group,Food Security & Livlihoods,Rubkona
Danish Refugee Council/Danish Demining Group,Food Security & Livlihoods,Fashoda
Danish Refugee Council/Danish Demining Group,Food Security & Livlihoods,Maban
Danish Refugee Council/Danish Demining Group,Food Security & Livlihoods,Malakal
Danish Refugee Council/Danish Demining Group,Food Security & Livlihoods,Melut
Danish Refugee Council/Danish Demining Group,CCCM,Guit
Danish Refugee Council/Danish Demining Group,CCCM,Koch
Danish Refugee Council/Danish Demining Group,CCCM,Pariang
Danish Refugee Council/Danish Demining Group,CCCM,Rubkona
Danish Refugee Council/Danish Demining Group,CCCM,Maban
Danish Refugee Council/Danish Demining Group,CCCM,Malakal
Danish Refugee Council/Danish Demining Group,CCCM,Melut
Danish Refugee Council/Danish Demining Group,Mine Action,Lainya
Danish Refugee Council/Danish Demining Group,Mine Action,Morobo
Danish Refugee Council/Danish Demining Group,Mine Action,Budi
Danish Refugee Council/Danish Demining Group,Mine Action,Kapoeta East
Danish Refugee Council/Danish Demining Group,Mine Action,Kapoeta North
Danish Refugee Council/Danish Demining Group,Mine Action,Kapoeta South
Danish Refugee Council/Danish Demining Group,Mine Action,Mundri East
Danish Refugee Council/Danish Demining Group,Mine Action,Mundri West
Danish Refugee Council/Danish Demining Group,Mine Action,Guit
Danish Refugee Council/Danish Demining Group,Mine Action,Leer
Danish Refugee Council/Danish Demining Group,Mine Action,Mayom
Danish Refugee Council/Danish Demining Group,Mine Action,Maban
Danish Refugee Council/Danish Demining Group,Mine Action,Malakal
Danish Refugee Council/Danish Demining Group,Mine Action,Melut
Danish Refugee Council/Danish Demining Group,Protection,Guit
Danish Refugee Council/Danish Demining Group,Protection,Koch
Danish Refugee Council/Danish Demining Group,Protection,Mayom
Danish Refugee Council/Danish Demining Group,Protection,Pariang
Danish Refugee Council/Danish Demining Group,Protection,Rubkona
Danish Refugee Council/Danish Demining Group,Protection,Fashoda
Danish Refugee Council/Danish Demining Group,Protection,Maban
Danish Refugee Council/Danish Demining Group,Protection,Malakal
Danish Refugee Council/Danish Demining Group,Protection,Melut
Danish Refugee Council/Danish Demining Group,Shelter and Non-Food Items,Pariang
Danish Refugee Council/Danish Demining Group,Shelter and Non-Food Items,Maban
Danish Refugee Council/Danish Demining Group,Shelter and Non-Food Items,Malakal
Danish Refugee Council/Danish Demining Group,Shelter and Non-Food Items,Melut
Danish Refugee Council/Danish Demining Group,Governance & Rule of Law,Maban
Permière Urgence Internationale,Health,Aweil North
Permière Urgence Internationale,Nutrition,Aweil North
War Child Canada,Education,Magwi
War Child Canada,Education,Torit
War Child Canada,Education,Jur River
War Child Canada,Education,Wau
War Child Canada,Education,Malakal
War Child Canada,Food Security & Livlihoods,Magwi
War Child Canada,Food Security & Livlihoods,Torit
War Child Canada,Food Security & Livlihoods,Jur River
War Child Canada,Food Security & Livlihoods,Wau
War Child Canada,Food Security & Livlihoods,Malakal
War Child Canada,Conflict Prevention & Peacebuilding,Wau
War Child Canada,Conflict Prevention & Peacebuilding,Malakal
PEACE WINDS JAPAN,WASH,Juba
PEACE WINDS JAPAN,WASH,Bor South
Samaritan's Purse,Food Security & Livlihoods,Aweil East
Samaritan's Purse,Food Security & Livlihoods,Aweil North
Samaritan's Purse,Food Security & Livlihoods,Abiemnon
Samaritan's Purse,Food Security & Livlihoods,Mayendit
Samaritan's Purse,Food Security & Livlihoods,Pariang
Samaritan's Purse,Health,Maban
Samaritan's Purse,Nutrition,Mayendit
Samaritan's Purse,Nutrition,Pariang
Samaritan's Purse,Nutrition,Maban
Samaritan's Purse,Shelter and Non-Food Items,Mayendit
Samaritan's Purse,WASH,Abiemnon
Samaritan's Purse,WASH,Mayendit
Samaritan's Purse,WASH,Mayom
Samaritan's Purse,WASH,Pariang
Samaritan's Purse,Conflict Prevention & Peacebuilding,Mayendit
Samaritan's Purse,Conflict Prevention & Peacebuilding,Maban
Welthungerhilfe,Food Security & Livlihoods,Aweil Centre
Welthungerhilfe,Food Security & Livlihoods,Aweil North
Welthungerhilfe,Food Security & Livlihoods,Aweil West
Welthungerhilfe,Food Security & Livlihoods,Panyijar
Welthungerhilfe,Food Security & Livlihoods,Rubkona
Welthungerhilfe,WASH,Aweil North
Welthungerhilfe,WASH,Aweil West
Welthungerhilfe,WASH,Panyijar
Population Services International,Health,Juba
Population Services International,CCCM,Yei
Population Services International,CCCM,Mundri East
Population Services International,CCCM,Wau
Population Services International,Nutrition,Wau
International Medical Corps ,Education,Juba
International Medical Corps ,Education,Kajo Keji
International Medical Corps ,Education,Wau
International Medical Corps ,Health,Juba
International Medical Corps ,Health,Akobo
International Medical Corps ,Health,Awerial
International Medical Corps ,Health,Wau
International Medical Corps ,Health,Maban
International Medical Corps ,Health,Malakal
International Medical Corps ,Nutrition,Juba
International Medical Corps ,Nutrition,Maridi
International Medical Corps ,Nutrition,Akobo
International Medical Corps ,Nutrition,Awerial
International Medical Corps ,Nutrition,Wau
International Medical Corps ,Nutrition,Maban
International Medical Corps ,Nutrition,Malakal
International Medical Corps ,Protection,Juba
International Medical Corps ,Protection,Maridi
International Medical Corps ,Protection,Akobo
International Medical Corps ,Protection,Awerial
International Medical Corps ,Protection,Wau
International Medical Corps ,Protection,Mayendit
International Medical Corps ,Protection,Maban
International Medical Corps ,Protection,Malakal
MAGNA Children at Risk,Education,Juba
MAGNA Children at Risk,Education,Duk
Agency for Cooperation and Research in Development,Education,Juba
Agency for Cooperation and Research in Development,Food Security & Livlihoods,Juba
Agency for Cooperation and Research in Development,Food Security & Livlihoods,Terekeka
Agency for Cooperation and Research in Development,Food Security & Livlihoods,Magwi
Agency for Cooperation and Research in Development,Health,Juba
Agency for Cooperation and Research in Development,Health,Terekeka
Agency for Cooperation and Research in Development,Health,Magwi
Agency for Cooperation and Research in Development,Nutrition,Juba
Agency for Cooperation and Research in Development,Nutrition,Terekeka
Agency for Cooperation and Research in Development,Nutrition,Magwi
Agency for Cooperation and Research in Development,Protection,Juba
Agency for Cooperation and Research in Development,Protection,Terekeka
Agency for Cooperation and Research in Development,Protection,Magwi
Agency for Cooperation and Research in Development,Shelter and Non-Food Items,Juba
Agency for Cooperation and Research in Development,Shelter and Non-Food Items,Terekeka
Agency for Cooperation and Research in Development,WASH,Juba
Agency for Cooperation and Research in Development,WASH,Terekeka
Agency for Cooperation and Research in Development,Conflict Prevention & Peacebuilding,Juba
Agency for Cooperation and Research in Development,Conflict Prevention & Peacebuilding,Terekeka
Agency for Cooperation and Research in Development,Conflict Prevention & Peacebuilding,Magwi
Agency for Cooperation and Research in Development,Governance & Rule of Law,Juba
Agency for Cooperation and Research in Development,Governance & Rule of Law,Terekeka
Agency for Cooperation and Research in Development,Environment & Natural Resources,Juba
Agency for Cooperation and Research in Development,Environment & Natural Resources,Terekeka
Agency for Cooperation and Research in Development,Media,Magwi
Catholic Agency For Overseas Development,Food Security & Livlihoods,Juba
Catholic Agency For Overseas Development,Food Security & Livlihoods,Yei
Catholic Agency For Overseas Development,Food Security & Livlihoods,Yambio
Catholic Agency For Overseas Development,Food Security & Livlihoods,Yirol East
Catholic Agency For Overseas Development,Food Security & Livlihoods,Yirol West
Catholic Agency For Overseas Development,Food Security & Livlihoods,Maban
Catholic Agency For Overseas Development,Food Security & Livlihoods,Renk
Catholic Agency For Overseas Development,Protection,Yirol East
Catholic Agency For Overseas Development,Protection,Yirol West
Catholic Agency For Overseas Development,Shelter and Non-Food Items,Yirol East
Catholic Agency For Overseas Development,Shelter and Non-Food Items,Yirol West
Catholic Agency For Overseas Development,WASH,Yirol East
Catholic Agency For Overseas Development,WASH,Yirol West
Catholic Agency For Overseas Development,WASH,Renk
Catholic Agency For Overseas Development,Conflict Prevention & Peacebuilding,Yirol East
Catholic Agency For Overseas Development,Conflict Prevention & Peacebuilding,Gogrial East
Catholic Agency For Overseas Development,Governance & Rule of Law,Gogrial East
Concern Worldwide,Food Security & Livlihoods,Aweil Centre
Concern Worldwide,Food Security & Livlihoods,Aweil North
Concern Worldwide,Food Security & Livlihoods,Aweil South
Concern Worldwide,Food Security & Livlihoods,Aweil West
Concern Worldwide,Health,Aweil Centre
Concern Worldwide,Health,Aweil North
Concern Worldwide,Health,Aweil West
Concern Worldwide,Nutrition,Juba
Concern Worldwide,Nutrition,Aweil Centre
Concern Worldwide,Nutrition,Aweil North
Concern Worldwide,Nutrition,Aweil West
Concern Worldwide,Nutrition,Leer
Concern Worldwide,Nutrition,Rubkona
Concern Worldwide,Shelter and Non-Food Items,Juba
Concern Worldwide,Shelter and Non-Food Items,Leer
Concern Worldwide,Shelter and Non-Food Items,Rubkona
Concern Worldwide,WASH,Aweil Centre
Concern Worldwide,WASH,Aweil North
Concern Worldwide,WASH,Aweil West
Concern Worldwide,WASH,Leer
Concern Worldwide,WASH,Rubkona
Japan Center for Conflict Prevention,Education,Juba
Japan Center for Conflict Prevention,Protection,Juba
Good Neighbors International ,Education,Yei
Good Neighbors International ,Food Security & Livlihoods,Yei
Good Neighbors International ,Health,Yei
Good Neighbors International ,WASH,Yei
Plan International South Sudan,Education,Juba
Plan International South Sudan,Education,Lainya
Plan International South Sudan,Education,Terekeka
Plan International South Sudan,Education,Yei
Plan International South Sudan,Education,Budi
Plan International South Sudan,Education,Ikotos
Plan International South Sudan,Education,Kapoeta East
Plan International South Sudan,Education,Kapoeta North
Plan International South Sudan,Education,Kapoeta South
Plan International South Sudan,Education,Lafon
Plan International South Sudan,Education,Magwi
Plan International South Sudan,Education,Torit
Plan International South Sudan,Education,Akobo
Plan International South Sudan,Education,Bor South
Plan International South Sudan,Education,Pibor
Plan International South Sudan,Education,Awerial
Plan International South Sudan,Education,Cueibet
Plan International South Sudan,Education,Rumbek Centre
Plan International South Sudan,Education,Rumbek East
Plan International South Sudan,Education,Wulu
Plan International South Sudan,Education,Yirol West
Plan International South Sudan,Food Security & Livlihoods,Juba
Plan International South Sudan,Food Security & Livlihoods,Lainya
Plan International South Sudan,Food Security & Livlihoods,Terekeka
Plan International South Sudan,Food Security & Livlihoods,Kapoeta East
Plan International South Sudan,Food Security & Livlihoods,Kapoeta North
Plan International South Sudan,Food Security & Livlihoods,Kapoeta South
Plan International South Sudan,Food Security & Livlihoods,Lafon
Plan International South Sudan,Food Security & Livlihoods,Torit
Plan International South Sudan,Nutrition,Akobo
Plan International South Sudan,Nutrition,Bor South
Plan International South Sudan,Nutrition,Pibor
Plan International South Sudan,Nutrition,Awerial
Plan International South Sudan,Nutrition,Cueibet
Plan International South Sudan,Nutrition,Rumbek Centre
Plan International South Sudan,Nutrition,Rumbek East
Plan International South Sudan,Nutrition,Rumbek North
Plan International South Sudan,Nutrition,Wulu
Plan International South Sudan,Protection,Juba
Plan International South Sudan,Protection,Lainya
Plan International South Sudan,Protection,Terekeka
Plan International South Sudan,Protection,Yei
Plan International South Sudan,Protection,Magwi
Plan International South Sudan,Protection,Akobo
Plan International South Sudan,Protection,Bor South
Plan International South Sudan,Protection,Pibor
Plan International South Sudan,Protection,Awerial
Plan International South Sudan,Shelter and Non-Food Items,Yei
Plan International South Sudan,Shelter and Non-Food Items,Kapoeta North
Plan International South Sudan,Shelter and Non-Food Items,Kapoeta South
Plan International South Sudan,Shelter and Non-Food Items,Lafon
Plan International South Sudan,Shelter and Non-Food Items,Magwi
Plan International South Sudan,WASH,Akobo
Plan International South Sudan,WASH,Pibor
Plan International South Sudan,Conflict Prevention & Peacebuilding,Yei
Plan International South Sudan,Conflict Prevention & Peacebuilding,Magwi
Plan International South Sudan,Conflict Prevention & Peacebuilding,Akobo
Plan International South Sudan,Conflict Prevention & Peacebuilding,Pibor
FEDERATION HANDICAP INTERNATIONAL,Education,Juba
FEDERATION HANDICAP INTERNATIONAL,Education,Kajo Keji
FEDERATION HANDICAP INTERNATIONAL,Education,Yei
FEDERATION HANDICAP INTERNATIONAL,Education,Torit
FEDERATION HANDICAP INTERNATIONAL,Education,Akobo
FEDERATION HANDICAP INTERNATIONAL,Education,Bor South
FEDERATION HANDICAP INTERNATIONAL,Food Security & Livlihoods,Juba
FEDERATION HANDICAP INTERNATIONAL,Food Security & Livlihoods,Kajo Keji
FEDERATION HANDICAP INTERNATIONAL,Food Security & Livlihoods,Yei
FEDERATION HANDICAP INTERNATIONAL,Food Security & Livlihoods,Torit
FEDERATION HANDICAP INTERNATIONAL,Food Security & Livlihoods,Akobo
FEDERATION HANDICAP INTERNATIONAL,Food Security & Livlihoods,Bor South
FEDERATION HANDICAP INTERNATIONAL,Food Security & Livlihoods,Rubkona
FEDERATION HANDICAP INTERNATIONAL,Health,Juba
FEDERATION HANDICAP INTERNATIONAL,Health,Kajo Keji
FEDERATION HANDICAP INTERNATIONAL,Health,Yei
FEDERATION HANDICAP INTERNATIONAL,Health,Torit
FEDERATION HANDICAP INTERNATIONAL,Health,Maridi
FEDERATION HANDICAP INTERNATIONAL,Health,Yambio
FEDERATION HANDICAP INTERNATIONAL,Health,Akobo
FEDERATION HANDICAP INTERNATIONAL,Health,Bor South
FEDERATION HANDICAP INTERNATIONAL,Health,Pibor
FEDERATION HANDICAP INTERNATIONAL,Health,Awerial
FEDERATION HANDICAP INTERNATIONAL,Health,Rumbek Centre
FEDERATION HANDICAP INTERNATIONAL,Health,Aweil Centre
FEDERATION HANDICAP INTERNATIONAL,Health,Aweil East
FEDERATION HANDICAP INTERNATIONAL,Health,Aweil North
FEDERATION HANDICAP INTERNATIONAL,Health,Aweil South
FEDERATION HANDICAP INTERNATIONAL,Health,Aweil West
FEDERATION HANDICAP INTERNATIONAL,Health,Raga
FEDERATION HANDICAP INTERNATIONAL,Health,Mayendit
FEDERATION HANDICAP INTERNATIONAL,Health,Rubkona
FEDERATION HANDICAP INTERNATIONAL,Health,Maban
FEDERATION HANDICAP INTERNATIONAL,Health,Malakal
FEDERATION HANDICAP INTERNATIONAL,Health,Melut
FEDERATION HANDICAP INTERNATIONAL,CCCM,Juba
FEDERATION HANDICAP INTERNATIONAL,Protection,Juba
FEDERATION HANDICAP INTERNATIONAL,Protection,Yei
FEDERATION HANDICAP INTERNATIONAL,Shelter and Non-Food Items,Juba
FEDERATION HANDICAP INTERNATIONAL,Shelter and Non-Food Items,Yei
FEDERATION HANDICAP INTERNATIONAL,Shelter and Non-Food Items,Torit
FEDERATION HANDICAP INTERNATIONAL,Shelter and Non-Food Items,Maridi
FEDERATION HANDICAP INTERNATIONAL,Shelter and Non-Food Items,Akobo
FEDERATION HANDICAP INTERNATIONAL,Shelter and Non-Food Items,Bor South
FEDERATION HANDICAP INTERNATIONAL,Shelter and Non-Food Items,Mayendit
FEDERATION HANDICAP INTERNATIONAL,Shelter and Non-Food Items,Rubkona
FEDERATION HANDICAP INTERNATIONAL,Shelter and Non-Food Items,Maban
FEDERATION HANDICAP INTERNATIONAL,Shelter and Non-Food Items,Malakal
FEDERATION HANDICAP INTERNATIONAL,Shelter and Non-Food Items,Melut
Vanda Aid,Education,Juba
Vanda Aid,Health,Juba
The Leprosy Mission International,Health,Juba
The Leprosy Mission International,Health,Bor South
The Leprosy Mission International,Health,Twic East
The Leprosy Mission International,Health,Duk
VETERINARIANS WITHOUT BORDERS - CANADA,Food Security & Livlihoods,Aweil East
VETERINARIANS WITHOUT BORDERS - CANADA,Food Security & Livlihoods,Aweil North
VETERINARIANS WITHOUT BORDERS - CANADA,Food Security & Livlihoods,Aweil West
VETERINARIANS WITHOUT BORDERS - CANADA,Food Security & Livlihoods,Gogrial East
VETERINARIANS WITHOUT BORDERS - CANADA,Food Security & Livlihoods,Gogrial West
VETERINARIANS WITHOUT BORDERS - CANADA,Food Security & Livlihoods,Tonj East
VETERINARIANS WITHOUT BORDERS - CANADA,Food Security & Livlihoods,Tonj North
Internews,Media,Juba
Internews,Media,Kapoeta South
Internews,Media,Bor South
Internews,Media,Awerial
Internews,Media,Aweil North
Internews,Media,Pariang
Internews,Media,Rubkona
Internews,Media,Malakal
Internews,Media,Abyei Region
Internews,Media,Twic
ICCO Cooperation,Food Security & Livlihoods,Yei
ICCO Cooperation,Food Security & Livlihoods,Magwi
ICCO Cooperation,Food Security & Livlihoods,Torit
ICCO Cooperation,Food Security & Livlihoods,Ibba
ICCO Cooperation,Food Security & Livlihoods,Maridi
ICCO Cooperation,Protection,Fangak
ICCO Cooperation,Protection,Maban
ICCO Cooperation,WASH,Fangak
ICCO Cooperation,WASH,Luakpiny/nasir
ICCO Cooperation,WASH,Ulang
ICCO Cooperation,Environment & Natural Resources,Juba
ICCO Cooperation,Environment & Natural Resources,Ibba
ICCO Cooperation,Environment & Natural Resources,Maridi
World Relief,Education,Guit
World Relief,Education,Koch
World Relief,Education,Rubkona
World Relief,Food Security & Livlihoods,Ibba
World Relief,Food Security & Livlihoods,Fangak
World Relief,Food Security & Livlihoods,Koch
World Relief,Health,Abiemnon
World Relief,Health,Guit
World Relief,Health,Koch
World Relief,Health,Mayom
World Relief,Health,Rubkona
World Relief,Nutrition,Fangak
World Relief,Nutrition,Koch
World Relief,Nutrition,Rubkona
World Relief,WASH,Koch
World Relief,Conflict Prevention & Peacebuilding,Ibba
INTERSOS,Education,Yambio
INTERSOS,Food Security & Livlihoods,Yambio
INTERSOS,Health,Nzara
INTERSOS,Health,Yambio
INTERSOS,CCCM,Nzara
INTERSOS,CCCM,Yambio
INTERSOS,Mine Action,Nzara
INTERSOS,Nutrition,Nzara
INTERSOS,Nutrition,Yambio
INTERSOS,Protection,Nzara
INTERSOS,Protection,Yambio
INTERSOS,Shelter and Non-Food Items,Nzara
INTERSOS,Shelter and Non-Food Items,Yambio
INTERSOS,WASH,Nzara
INTERSOS,WASH,Yambio
INTERSOS,Conflict Prevention & Peacebuilding,Nzara
INTERSOS,Conflict Prevention & Peacebuilding,Yambio
INTERSOS,Governance & Rule of Law,Nzara
INTERSOS,Governance & Rule of Law,Yambio
INTERSOS,Environment & Natural Resources,Nzara
INTERSOS,Environment & Natural Resources,Yambio
INTERSOS,Media,Juba
INTERSOS,Media,Yambio
The MENTOR Initiative,Health,Ezo
The MENTOR Initiative,Health,Ibba
The MENTOR Initiative,Health,Maridi
The MENTOR Initiative,Health,Mundri East
The MENTOR Initiative,Health,Mundri West
The MENTOR Initiative,Health,Mvolo
The MENTOR Initiative,Health,Nagero
The MENTOR Initiative,Health,Nzara
The MENTOR Initiative,Health,Tambura
The MENTOR Initiative,Health,Yambio
The MENTOR Initiative,Health,Rubkona
The MENTOR Initiative,Health,Maban
The MENTOR Initiative,Health,Malakal
The MENTOR Initiative,WASH,Rubkona
The MENTOR Initiative,WASH,Maban
The MENTOR Initiative,WASH,Malakal
SIL South Sudan,Education,Juba
SIL South Sudan,Education,Morobo
SIL South Sudan,Education,Budi
SIL South Sudan,Education,Maridi
Doctors with Africa CUAMM,Health,Mundri East
Doctors with Africa CUAMM,Health,Awerial
Doctors with Africa CUAMM,Health,Cueibet
Doctors with Africa CUAMM,Health,Rumbek Centre
Doctors with Africa CUAMM,Health,Rumbek East
Doctors with Africa CUAMM,Health,Rumbek North
Doctors with Africa CUAMM,Health,Wulu
Doctors with Africa CUAMM,Health,Yirol East
Doctors with Africa CUAMM,Health,Yirol West
Doctors with Africa CUAMM,Nutrition,Mundri East
Doctors with Africa CUAMM,Nutrition,Awerial
Doctors with Africa CUAMM,Nutrition,Cueibet
Doctors with Africa CUAMM,Nutrition,Rumbek Centre
Doctors with Africa CUAMM,Nutrition,Rumbek East
Doctors with Africa CUAMM,Nutrition,Rumbek North
Doctors with Africa CUAMM,Nutrition,Wulu
Doctors with Africa CUAMM,Nutrition,Yirol East
Doctors with Africa CUAMM,Nutrition,Yirol West
OVCI la Nostra Famiglia,Education,Juba
OVCI la Nostra Famiglia,Health,Juba
OVCI la Nostra Famiglia,Nutrition,Juba
OVCI la Nostra Famiglia,Protection,Juba
JAPAN INTERNATIONAL VOLUNTEER CENTER,Education,Pariang
JAPAN INTERNATIONAL VOLUNTEER CENTER,Food Security & Livlihoods,Juba
JAPAN INTERNATIONAL VOLUNTEER CENTER,Health,Juba
JAPAN INTERNATIONAL VOLUNTEER CENTER,Protection,Pariang
Sightsavers International,Health,Ezo
Sightsavers International,Health,Ibba
Sightsavers International,Health,Maridi
Sightsavers International,Health,Mundri East
Sightsavers International,Health,Mundri West
Sightsavers International,Health,Mvolo
Sightsavers International,Health,Nagero
Sightsavers International,Health,Nzara
Sightsavers International,Health,Tambura
Sightsavers International,Health,Yambio
Stromme Foundation,Education,Juba
Stromme Foundation,Education,Kajo Keji
Stromme Foundation,Education,Lainya
Stromme Foundation,Education,Morobo
Stromme Foundation,Education,Terekeka
Stromme Foundation,Education,Yei
Stromme Foundation,Education,Kapoeta East
Stromme Foundation,Education,Aweil Centre
Stromme Foundation,Food Security & Livlihoods,Juba
Stromme Foundation,Food Security & Livlihoods,Kajo Keji
Stromme Foundation,Food Security & Livlihoods,Lainya
Stromme Foundation,Food Security & Livlihoods,Morobo
Stromme Foundation,Food Security & Livlihoods,Terekeka
Stromme Foundation,Food Security & Livlihoods,Yei
Stromme Foundation,Conflict Prevention & Peacebuilding,Juba
Stromme Foundation,Conflict Prevention & Peacebuilding,Kajo Keji
Stromme Foundation,Conflict Prevention & Peacebuilding,Lainya
Stromme Foundation,Conflict Prevention & Peacebuilding,Morobo
Stromme Foundation,Conflict Prevention & Peacebuilding,Terekeka
Stromme Foundation,Conflict Prevention & Peacebuilding,Yei
Stromme Foundation,Conflict Prevention & Peacebuilding,Kapoeta East
Stromme Foundation,Environment & Natural Resources,Juba
Stromme Foundation,Environment & Natural Resources,Kajo Keji
Stromme Foundation,Environment & Natural Resources,Lainya
Stromme Foundation,Environment & Natural Resources,Morobo
Stromme Foundation,Environment & Natural Resources,Terekeka
Stromme Foundation,Environment & Natural Resources,Yei
Diakonie Katastrophenhilfe,Education,Cueibet
Diakonie Katastrophenhilfe,Food Security & Livlihoods,Cueibet
Diakonie Katastrophenhilfe,Nutrition,Cueibet
Diakonie Katastrophenhilfe,Shelter and Non-Food Items,Twic East
Diakonie Katastrophenhilfe,Shelter and Non-Food Items,Duk
Diakonie Katastrophenhilfe,Shelter and Non-Food Items,Uror
Diakonie Katastrophenhilfe,WASH,Cueibet
Diakonie Katastrophenhilfe,Conflict Prevention & Peacebuilding,Magwi
Caritas Switzerland,Education,Budi
Caritas Switzerland,Education,Ikotos
Caritas Switzerland,Education,Kapoeta South
Caritas Switzerland,Education,Lafon
Caritas Switzerland,Education,Magwi
Caritas Switzerland,Education,Torit
Caritas Switzerland,Food Security & Livlihoods,Ikotos
Caritas Switzerland,WASH,Ikotos
Caritas Switzerland,WASH,Kapoeta South
Caritas Switzerland,WASH,Torit
Veterinaires sans Frontieres Germany,Food Security & Livlihoods,Akobo
Veterinaires sans Frontieres Germany,Food Security & Livlihoods,Ayod
Veterinaires sans Frontieres Germany,Food Security & Livlihoods,Twic East
Veterinaires sans Frontieres Germany,Food Security & Livlihoods,Nyirol
Veterinaires sans Frontieres Germany,Food Security & Livlihoods,Uror
Veterinaires sans Frontieres Germany,Food Security & Livlihoods,Cueibet
Veterinaires sans Frontieres Germany,Food Security & Livlihoods,Jur River
Veterinaires sans Frontieres Germany,Food Security & Livlihoods,Wau
Veterinaires sans Frontieres Germany,Food Security & Livlihoods,Luakpiny/nasir
Veterinaires sans Frontieres Germany,Food Security & Livlihoods,Ulang
Veterinaires sans Frontieres Germany,Food Security & Livlihoods,Gogrial East
Veterinaires sans Frontieres Germany,Food Security & Livlihoods,Gogrial West
Veterinaires sans Frontieres Germany,Food Security & Livlihoods,Tonj North
Veterinaires sans Frontieres Germany,Food Security & Livlihoods,Twic
Veterinaires sans Frontieres Germany,Protection,Pibor
Comitato Collaborayjone Medica,Health,Juba
Comitato Collaborayjone Medica,Health,Awerial
Comitato Collaborayjone Medica,Health,Tonj East
Comitato Collaborayjone Medica,Health,Tonj North
Comitato Collaborayjone Medica,Health,Tonj South
Comitato Collaborayjone Medica,Health,Twic
Comitato Collaborayjone Medica,CCCM,Juba
Comitato Collaborayjone Medica,CCCM,Awerial
Comitato Collaborayjone Medica,CCCM,Tonj East
Comitato Collaborayjone Medica,CCCM,Tonj North
Comitato Collaborayjone Medica,CCCM,Tonj South
Comitato Collaborayjone Medica,CCCM,Twic
Comitato Collaborayjone Medica,Nutrition,Juba
Comitato Collaborayjone Medica,Nutrition,Awerial
Comitato Collaborayjone Medica,Nutrition,Tonj East
Comitato Collaborayjone Medica,Nutrition,Tonj North
Comitato Collaborayjone Medica,Nutrition,Tonj South
Comitato Collaborayjone Medica,Nutrition,Twic
Comitato Collaborayjone Medica,WASH,Juba
Comitato Collaborayjone Medica,WASH,Awerial
Comitato Collaborayjone Medica,WASH,Tonj East
Comitato Collaborayjone Medica,WASH,Tonj North
Comitato Collaborayjone Medica,WASH,Tonj South
Comitato Collaborayjone Medica,WASH,Twic
The Carter Center,Health,Gogrial East
The Carter Center,Health,Gogrial West
The Carter Center,Health,Tonj East
The Carter Center,Health,Tonj North
The Carter Center,Health,Tonj South
The Carter Center,Health,Twic
The Carter Center,CCCM,Juba
The Carter Center,CCCM,Kapoeta East
The Carter Center,CCCM,Kapoeta North
The Carter Center,CCCM,Kapoeta South
The Carter Center,CCCM,Torit
The Carter Center,CCCM,Mvolo
The Carter Center,CCCM,Awerial
The Carter Center,CCCM,Cueibet
The Carter Center,CCCM,Rumbek Centre
The Carter Center,CCCM,Rumbek East
The Carter Center,CCCM,Rumbek North
The Carter Center,CCCM,Wulu
The Carter Center,CCCM,Yirol East
The Carter Center,CCCM,Yirol West
The Carter Center,CCCM,Jur River
The Carter Center,CCCM,Wau
The Carter Center,CCCM,Gogrial East
The Carter Center,CCCM,Tonj East
The Carter Center,CCCM,Tonj North
The Carter Center,CCCM,Tonj South
Malteser International,Food Security & Livlihoods,Juba
Malteser International,Food Security & Livlihoods,Maridi
Malteser International,Food Security & Livlihoods,Rumbek Centre
Malteser International,Food Security & Livlihoods,Wau
Malteser International,Health,Kajo Keji
Malteser International,Health,Yei
Malteser International,Nutrition,Juba
Malteser International,Nutrition,Maridi
Malteser International,Nutrition,Wau
Malteser International,WASH,Juba
Malteser International,WASH,Wau
Federation Handicap International,Education,Juba
Federation Handicap International,Education,Yei
Federation Handicap International,Education,Torit
Federation Handicap International,Health,Juba
Federation Handicap International,Health,Yei
Federation Handicap International,Health,Torit
Federation Handicap International,Protection,Juba
Federation Handicap International,Protection,Yei
Federation Handicap International,Protection,Torit
Finn Church Aid (FCA),Education,Fangak
Finn Church Aid (FCA),Education,Pibor
Finn Church Aid (FCA),Education,Awerial
Finn Church Aid (FCA),Food Security & Livlihoods,Juba
Finn Church Aid (FCA),Protection,Fangak
Wildlife Conservation Society South Sudan Program,Food Security & Livlihoods,Juba
Wildlife Conservation Society South Sudan Program,Food Security & Livlihoods,Terekeka
Wildlife Conservation Society South Sudan Program,Food Security & Livlihoods,Lafon
Wildlife Conservation Society South Sudan Program,Food Security & Livlihoods,Pibor
Wildlife Conservation Society South Sudan Program,Food Security & Livlihoods,Pochalla
Wildlife Conservation Society South Sudan Program,Food Security & Livlihoods,Wulu
Wildlife Conservation Society South Sudan Program,Conflict Prevention & Peacebuilding,Juba
Wildlife Conservation Society South Sudan Program,Conflict Prevention & Peacebuilding,Terekeka
Wildlife Conservation Society South Sudan Program,Conflict Prevention & Peacebuilding,Lafon
Wildlife Conservation Society South Sudan Program,Conflict Prevention & Peacebuilding,Pibor
Wildlife Conservation Society South Sudan Program,Conflict Prevention & Peacebuilding,Pochalla
Wildlife Conservation Society South Sudan Program,Conflict Prevention & Peacebuilding,Wulu
Wildlife Conservation Society South Sudan Program,Governance & Rule of Law,Juba
Wildlife Conservation Society South Sudan Program,Governance & Rule of Law,Terekeka
Wildlife Conservation Society South Sudan Program,Governance & Rule of Law,Lafon
Wildlife Conservation Society South Sudan Program,Governance & Rule of Law,Pibor
Wildlife Conservation Society South Sudan Program,Governance & Rule of Law,Pochalla
Wildlife Conservation Society South Sudan Program,Governance & Rule of Law,Wulu
Wildlife Conservation Society South Sudan Program,Environment & Natural Resources,Juba
Wildlife Conservation Society South Sudan Program,Environment & Natural Resources,Terekeka
Wildlife Conservation Society South Sudan Program,Environment & Natural Resources,Lafon
Wildlife Conservation Society South Sudan Program,Environment & Natural Resources,Pibor
Wildlife Conservation Society South Sudan Program,Environment & Natural Resources,Pochalla
Wildlife Conservation Society South Sudan Program,Environment & Natural Resources,Wulu
Water for South Sudan, Inc.,WASH,Jur River
Water for South Sudan, Inc.,WASH,Wau
Water for South Sudan, Inc.,WASH,Gogrial East
Water for South Sudan, Inc.,WASH,Gogrial West
Water for South Sudan, Inc.,WASH,Tonj East
Water for South Sudan, Inc.,WASH,Tonj North
Water for South Sudan, Inc.,WASH,Tonj South
Water for South Sudan, Inc.,WASH,Twic
Catholic Relief Services,Education,Juba
Catholic Relief Services,Health,Juba
Catholic Relief Services,Nutrition,Akobo
Catholic Relief Services,Nutrition,Ayod
Catholic Relief Services,Nutrition,Bor South
Catholic Relief Services,Nutrition,Twic East
Catholic Relief Services,Nutrition,Duk
Catholic Relief Services,Nutrition,Pochalla
Catholic Relief Services,Nutrition,Uror
Catholic Relief Services,Shelter and Non-Food Items,Ayod
Catholic Relief Services,Shelter and Non-Food Items,Bor South
Catholic Relief Services,Shelter and Non-Food Items,Pibor
Catholic Relief Services,Shelter and Non-Food Items,Uror
Catholic Relief Services,WASH,Juba
Catholic Relief Services,WASH,Ayod
Catholic Relief Services,WASH,Bor South
Catholic Relief Services,WASH,Twic East
Catholic Relief Services,WASH,Duk
Catholic Relief Services,WASH,Pibor
Catholic Relief Services,WASH,Awerial
Catholic Relief Services,Conflict Prevention & Peacebuilding,Juba
Catholic Relief Services,Conflict Prevention & Peacebuilding,Kapoeta East
Catholic Relief Services,Conflict Prevention & Peacebuilding,Kapoeta North
Catholic Relief Services,Conflict Prevention & Peacebuilding,Kapoeta South
Catholic Relief Services,Conflict Prevention & Peacebuilding,Torit
Catholic Relief Services,Conflict Prevention & Peacebuilding,Yambio
Catholic Relief Services,Conflict Prevention & Peacebuilding,Bor South
Catholic Relief Services,Conflict Prevention & Peacebuilding,Awerial
Catholic Relief Services,Conflict Prevention & Peacebuilding,Rumbek Centre
ZOA - Relief - Hope - Recovery,Food Security & Livlihoods,Juba
ZOA - Relief - Hope - Recovery,Food Security & Livlihoods,Lainya
ZOA - Relief - Hope - Recovery,Food Security & Livlihoods,Morobo
ZOA - Relief - Hope - Recovery,Food Security & Livlihoods,Terekeka
ZOA - Relief - Hope - Recovery,Food Security & Livlihoods,Yei
ZOA - Relief - Hope - Recovery,Food Security & Livlihoods,Magwi
ZOA - Relief - Hope - Recovery,Food Security & Livlihoods,Torit
ZOA - Relief - Hope - Recovery,Food Security & Livlihoods,Maridi
ZOA - Relief - Hope - Recovery,Food Security & Livlihoods,Mundri East
ZOA - Relief - Hope - Recovery,Food Security & Livlihoods,Mundri West
ZOA - Relief - Hope - Recovery,Food Security & Livlihoods,Akobo
ZOA - Relief - Hope - Recovery,Food Security & Livlihoods,Bor South
ZOA - Relief - Hope - Recovery,Food Security & Livlihoods,Fangak
ZOA - Relief - Hope - Recovery,Food Security & Livlihoods,Pibor
ZOA - Relief - Hope - Recovery,Food Security & Livlihoods,Leer
ZOA - Relief - Hope - Recovery,Shelter and Non-Food Items,Lainya
ZOA - Relief - Hope - Recovery,Shelter and Non-Food Items,Terekeka
ZOA - Relief - Hope - Recovery,Shelter and Non-Food Items,Yei
ZOA - Relief - Hope - Recovery,Shelter and Non-Food Items,Leer
ZOA - Relief - Hope - Recovery,WASH,Juba
ZOA - Relief - Hope - Recovery,WASH,Lainya
ZOA - Relief - Hope - Recovery,WASH,Morobo
ZOA - Relief - Hope - Recovery,WASH,Terekeka
ZOA - Relief - Hope - Recovery,WASH,Yei
ZOA - Relief - Hope - Recovery,WASH,Magwi
ZOA - Relief - Hope - Recovery,WASH,Torit
ZOA - Relief - Hope - Recovery,WASH,Maridi
ZOA - Relief - Hope - Recovery,WASH,Mundri East
ZOA - Relief - Hope - Recovery,WASH,Mundri West
ZOA - Relief - Hope - Recovery,WASH,Bor South
ZOA - Relief - Hope - Recovery,WASH,Fangak
ZOA - Relief - Hope - Recovery,WASH,Pibor
ZOA - Relief - Hope - Recovery,WASH,Leer
ZOA - Relief - Hope - Recovery,Conflict Prevention & Peacebuilding,Juba
ZOA - Relief - Hope - Recovery,Conflict Prevention & Peacebuilding,Lainya
ZOA - Relief - Hope - Recovery,Conflict Prevention & Peacebuilding,Morobo
ZOA - Relief - Hope - Recovery,Conflict Prevention & Peacebuilding,Terekeka
ZOA - Relief - Hope - Recovery,Conflict Prevention & Peacebuilding,Yei
ZOA - Relief - Hope - Recovery,Conflict Prevention & Peacebuilding,Akobo
ZOA - Relief - Hope - Recovery,Conflict Prevention & Peacebuilding,Bor South
ZOA - Relief - Hope - Recovery,Conflict Prevention & Peacebuilding,Pibor
AVSI Foundation,Education,Juba
AVSI Foundation,Education,Ikotos
AVSI Foundation,Education,Magwi
AVSI Foundation,Education,Torit
AVSI Foundation,Education,Cueibet
AVSI Foundation,Food Security & Livlihoods,Ikotos
AVSI Foundation,Food Security & Livlihoods,Cueibet
AVSI Foundation,Health,Ikotos
AVSI Foundation,Nutrition,Ikotos
AVSI Foundation,Protection,Juba
AVSI Foundation,Protection,Ikotos
AVSI Foundation,Protection,Magwi
AVSI Foundation,Protection,Torit
AVSI Foundation,Protection,Cueibet
AVSI Foundation,Protection,Rumbek Centre
AVSI Foundation,Shelter and Non-Food Items,Ikotos
AVSI Foundation,Conflict Prevention & Peacebuilding,Cueibet
AVSI Foundation,Conflict Prevention & Peacebuilding,Rumbek Centre
Amref Health Africa in South Sudan,Education,Maridi
Amref Health Africa in South Sudan,Food Security & Livlihoods,Ibba
Amref Health Africa in South Sudan,Food Security & Livlihoods,Maridi
Amref Health Africa in South Sudan,Health,Juba
Amref Health Africa in South Sudan,Health,Morobo
Amref Health Africa in South Sudan,Health,Yei
Amref Health Africa in South Sudan,Health,Torit
Amref Health Africa in South Sudan,Health,Ibba
Amref Health Africa in South Sudan,Health,Maridi
Amref Health Africa in South Sudan,Health,Yambio
Amref Health Africa in South Sudan,Nutrition,Ibba
Amref Health Africa in South Sudan,Nutrition,Maridi
Amref Health Africa in South Sudan,Nutrition,Yambio
Amref Health Africa in South Sudan,WASH,Juba
Amref Health Africa in South Sudan,WASH,Yei
Amref Health Africa in South Sudan,WASH,Torit
Amref Health Africa in South Sudan,WASH,Ibba
Amref Health Africa in South Sudan,WASH,Maridi
Amref Health Africa in South Sudan,WASH,Yambio
Christian Aid,Education,Juba
Christian Aid,Education,Aweil North
Christian Aid,Education,Panyijar
Christian Aid,Food Security & Livlihoods,Fangak
Christian Aid,Food Security & Livlihoods,Aweil North
Christian Aid,Food Security & Livlihoods,Aweil West
Christian Aid,Food Security & Livlihoods,Jur River
Christian Aid,Food Security & Livlihoods,Raga
Christian Aid,Food Security & Livlihoods,Wau
Christian Aid,Food Security & Livlihoods,Guit
Christian Aid,Food Security & Livlihoods,Koch
Christian Aid,Food Security & Livlihoods,Leer
Christian Aid,Food Security & Livlihoods,Mayendit
Christian Aid,Food Security & Livlihoods,Rubkona
Christian Aid,Nutrition,Leer
Christian Aid,Nutrition,Mayendit
Christian Aid,Nutrition,Panyijar
Christian Aid,Shelter and Non-Food Items,Wau
Christian Aid,Shelter and Non-Food Items,Guit
Christian Aid,Shelter and Non-Food Items,Leer
Christian Aid,Shelter and Non-Food Items,Mayendit
Christian Aid,Shelter and Non-Food Items,Panyijar
Christian Aid,Shelter and Non-Food Items,Rubkona
Christian Aid,WASH,Aweil North
Christian Aid,WASH,Guit
Christian Aid,WASH,Koch
Christian Aid,WASH,Leer
Christian Aid,WASH,Mayendit
Christian Aid,WASH,Panyijar
Christian Aid,WASH,Rubkona
Christian Aid,Conflict Prevention & Peacebuilding,Juba
Christian Aid,Conflict Prevention & Peacebuilding,Bor South
Christian Aid,Conflict Prevention & Peacebuilding,Aweil Centre
Christian Aid,Media,Gogrial East
GOAL Ireland South Sudan,Food Security & Livlihoods,Maiwut
GOAL Ireland South Sudan,Food Security & Livlihoods,Melut
GOAL Ireland South Sudan,Food Security & Livlihoods,Ulang
GOAL Ireland South Sudan,Food Security & Livlihoods,Abyei Region
GOAL Ireland South Sudan,Food Security & Livlihoods,Twic
GOAL Ireland South Sudan,Health,Maiwut
GOAL Ireland South Sudan,Health,Melut
GOAL Ireland South Sudan,Health,Ulang
GOAL Ireland South Sudan,Health,Abyei Region
GOAL Ireland South Sudan,Health,Twic
GOAL Ireland South Sudan,Nutrition,Maiwut
GOAL Ireland South Sudan,Nutrition,Melut
GOAL Ireland South Sudan,Nutrition,Ulang
GOAL Ireland South Sudan,Nutrition,Abyei Region
GOAL Ireland South Sudan,Nutrition,Twic
American Refugee Committee International,Health,Kajo Keji
American Refugee Committee International,Health,Kapoeta East
American Refugee Committee International,Health,Kapoeta North
American Refugee Committee International,Health,Magwi
American Refugee Committee International,Health,Aweil Centre
American Refugee Committee International,Nutrition,Kajo Keji
American Refugee Committee International,Protection,Aweil Centre
ChildFund Korea South Sudan Office,Education,Juba
ChildFund Korea South Sudan Office,Education,Magwi
ChildFund Korea South Sudan Office,Protection,Juba
ChildFund Korea South Sudan Office,WASH,Juba
ChildFund Korea South Sudan Office,WASH,Magwi
Catholic Relief Services ,Education,Juba
Catholic Relief Services ,Food Security & Livlihoods,Twic East
Catholic Relief Services ,Food Security & Livlihoods,Duk
Catholic Relief Services ,Food Security & Livlihoods,Pibor
Catholic Relief Services ,Food Security & Livlihoods,Pochalla
Catholic Relief Services ,Food Security & Livlihoods,Uror
Catholic Relief Services ,Shelter and Non-Food Items,Twic East
Catholic Relief Services ,Shelter and Non-Food Items,Duk
Catholic Relief Services ,Conflict Prevention & Peacebuilding,Magwi
Catholic Relief Services ,Conflict Prevention & Peacebuilding,Torit
Malaria Consortium,Health,Juba
Malaria Consortium,Health,Kajo Keji
Malaria Consortium,Health,Lainya
Malaria Consortium,Health,Morobo
Malaria Consortium,Health,Terekeka
Malaria Consortium,Health,Yei
Malaria Consortium,Health,Aweil Centre
Malaria Consortium,Health,Aweil East
Malaria Consortium,Health,Aweil North
Malaria Consortium,Health,Aweil South
Malaria Consortium,Health,Aweil West
Malaria Consortium,Nutrition,Aweil Centre
Malaria Consortium,Nutrition,Aweil East
Malaria Consortium,Nutrition,Aweil North
Malaria Consortium,Nutrition,Aweil South
Malaria Consortium,Nutrition,Aweil West
Centers for International Programs,Health,Juba
Centers for International Programs,Health,Kajo Keji
Centers for International Programs,Health,Yei
Centers for International Programs,Health,Kapoeta East
Centers for International Programs,Health,Kapoeta North
Centers for International Programs,Health,Kapoeta South
Centers for International Programs,Health,Magwi
Centers for International Programs,Health,Torit
Centers for International Programs,Health,Ezo
Centers for International Programs,Health,Maridi
Centers for International Programs,Health,Mundri East
Centers for International Programs,Health,Mundri West
Centers for International Programs,Health,Nzara
Centers for International Programs,Health,Tambura
Centers for International Programs,Health,Yambio
Centers for International Programs,Health,Bor South
Centers for International Programs,Health,Awerial
Joint Aid Manangement,Food Security & Livlihoods,Aweil Centre
Joint Aid Manangement,Food Security & Livlihoods,Aweil East
Joint Aid Manangement,Nutrition,Bor South
Joint Aid Manangement,Nutrition,Pibor
Cordaid,Food Security & Livlihoods,Kajo Keji
Cordaid,Food Security & Livlihoods,Yambio
Cordaid,Food Security & Livlihoods,Pibor
Cordaid,Food Security & Livlihoods,Aweil North
Cordaid,Health,Kapoeta North
Cordaid,Health,Kapoeta South
Cordaid,Health,Yambio
Cordaid,Health,Ayod
Cordaid,Health,Pibor
Cordaid,Health,Yirol West
Cordaid,Health,Aweil East
Cordaid,Health,Aweil South
Cordaid,Health,Koch
Cordaid,Health,Leer
Cordaid,Health,Fashoda
Cordaid,CCCM,Yei
Cordaid,CCCM,Bor South
Cordaid,CCCM,Yirol West
Cordaid,CCCM,Aweil Centre
Cordaid,CCCM,Raga
Cordaid,CCCM,Wau
Cordaid,CCCM,Koch
Cordaid,CCCM,Leer
Cordaid,CCCM,Fashoda
Cordaid,CCCM,Malakal
Cordaid,Nutrition,Bor South
Cordaid,Nutrition,Aweil East
Cordaid,Nutrition,Aweil North
Cordaid,Nutrition,Koch
Cordaid,Nutrition,Leer
Cordaid,Nutrition,Maiwut
Cordaid,Protection,Yei
Cordaid,Protection,Aweil East
Cordaid,Protection,Aweil North
Cordaid,Protection,Malakal
Cordaid,Shelter and Non-Food Items,Pochalla
Cordaid,Shelter and Non-Food Items,Aweil Centre
Cordaid,Shelter and Non-Food Items,Aweil East
Cordaid,Shelter and Non-Food Items,Leer
Cordaid,Shelter and Non-Food Items,Malakal
Cordaid,Conflict Prevention & Peacebuilding,Yei
Cordaid,Conflict Prevention & Peacebuilding,Aweil Centre
Cordaid,Conflict Prevention & Peacebuilding,Aweil East
Cordaid,Conflict Prevention & Peacebuilding,Wau
Mines Advisory Group (MAG),Mine Action,Juba
Mines Advisory Group (MAG),Mine Action,Terekeka
Mines Advisory Group (MAG),Mine Action,Mundri East
Medecins Sans Frontieres \,Health,Juba
Medecins Sans Frontieres \,Health,Fangak
Medecins Sans Frontieres \,Health,Aweil Centre
Medecins Sans Frontieres \,Health,Wau
Medecins Sans Frontieres \,Health,Abiemnon
Tearfund,Nutrition,Juba
Tearfund,WASH,Juba
Tearfund,WASH,Bor South
Tearfund,WASH,Twic East
Tearfund,WASH,Uror
Tearfund,WASH,Aweil East
INTERSOS,Education,Juba
INTERSOS,Education,Yambio
INTERSOS,Education,Bor South
INTERSOS,Education,Mayendit
INTERSOS,Education,Mayom
INTERSOS,Education,Rubkona
INTERSOS,Education,Malakal
INTERSOS,Protection,Juba
INTERSOS,WASH,Yambio
Veterinaires Sans Frontieres Suisse ,Food Security & Livlihoods,Pibor
Veterinaires Sans Frontieres Suisse ,Food Security & Livlihoods,Aweil Centre
Veterinaires Sans Frontieres Suisse ,Food Security & Livlihoods,Aweil East
Veterinaires Sans Frontieres Suisse ,Food Security & Livlihoods,Aweil North
Veterinaires Sans Frontieres Suisse ,Food Security & Livlihoods,Aweil South
Veterinaires Sans Frontieres Suisse ,Food Security & Livlihoods,Aweil West
Veterinaires Sans Frontieres Suisse ,Food Security & Livlihoods,Abiemnon
Veterinaires Sans Frontieres Suisse ,Food Security & Livlihoods,Guit
Veterinaires Sans Frontieres Suisse ,Food Security & Livlihoods,Koch
Veterinaires Sans Frontieres Suisse ,Food Security & Livlihoods,Leer
Veterinaires Sans Frontieres Suisse ,Food Security & Livlihoods,Mayendit
Veterinaires Sans Frontieres Suisse ,Food Security & Livlihoods,Mayom
Veterinaires Sans Frontieres Suisse ,Food Security & Livlihoods,Pariang
Veterinaires Sans Frontieres Suisse ,Food Security & Livlihoods,Panyijar
Veterinaires Sans Frontieres Suisse ,Food Security & Livlihoods,Rubkona
Veterinaires Sans Frontieres Suisse ,Protection,Pibor
Agency for voluntary initiative in development (AVID),Education,Kajo Keji
Agency for voluntary initiative in development (AVID),Food Security & Livlihoods,Kajo Keji
Agency for voluntary initiative in development (AVID),Health,Juba
Agency for voluntary initiative in development (AVID),CCCM,Terekeka
Agency for voluntary initiative in development (AVID),Mine Action,Ibba
Agency for voluntary initiative in development (AVID),Nutrition,Lainya
Agency for voluntary initiative in development (AVID),Protection,Kajo Keji
Agency for voluntary initiative in development (AVID),WASH,Juba
Agency for voluntary initiative in development (AVID),Conflict Prevention & Peacebuilding,Juba
Agency for voluntary initiative in development (AVID),Governance & Rule of Law,Budi
Agency for voluntary initiative in development (AVID),Governance & Rule of Law,Luakpiny/nasir
Agency for voluntary initiative in development (AVID),Governance & Rule of Law,Gogrial East
Agency for voluntary initiative in development (AVID),Environment & Natural Resources,Lafon
Agency for voluntary initiative in development (AVID),Environment & Natural Resources,Torit
Agency for voluntary initiative in development (AVID),Media,Maridi
Agency for voluntary initiative in development (AVID),Media,Mundri East
Agency for voluntary initiative in development (AVID),Media,Duk
Agency for voluntary initiative in development (AVID),Media,Fangak
Agency for voluntary initiative in development (AVID),Media,Panyikang
Agency for voluntary initiative in development (AVID),Media,Renk
SAFERWORLD,Conflict Prevention & Peacebuilding,Juba
SAFERWORLD,Conflict Prevention & Peacebuilding,Torit
SAFERWORLD,Conflict Prevention & Peacebuilding,Yambio
SAFERWORLD,Conflict Prevention & Peacebuilding,Bor South
SAFERWORLD,Conflict Prevention & Peacebuilding,Rumbek Centre
SAFERWORLD,Conflict Prevention & Peacebuilding,Rumbek East
SAFERWORLD,Conflict Prevention & Peacebuilding,Aweil Centre
SAFERWORLD,Conflict Prevention & Peacebuilding,Wau
SAFERWORLD,Conflict Prevention & Peacebuilding,Gogrial East
SAFERWORLD,Conflict Prevention & Peacebuilding,Tonj North
International Aid Services,Food Security & Livlihoods,Aweil East
International Aid Services,WASH,Mundri West
International Aid Services,WASH,Bor South
International Aid Services,WASH,Aweil East
International Aid Services,WASH,Pariang
childfund korea (cfk),Education,Juba
childfund korea (cfk),Education,Ikotos
childfund korea (cfk),Education,Bor South
childfund korea (cfk),Health,Juba
childfund korea (cfk),Health,Budi
childfund korea (cfk),Health,Bor South
childfund korea (cfk),Nutrition,Juba
childfund korea (cfk),Nutrition,Budi
childfund korea (cfk),Nutrition,Bor South
childfund korea (cfk),Protection,Juba
childfund korea (cfk),Protection,Budi
childfund korea (cfk),Protection,Bor South
childfund korea (cfk),Shelter and Non-Food Items,Juba
childfund korea (cfk),Shelter and Non-Food Items,Budi
childfund korea (cfk),Shelter and Non-Food Items,Bor South
childfund korea (cfk),WASH,Juba
childfund korea (cfk),WASH,Budi
childfund korea (cfk),WASH,Bor South
German Leprosy and TB Relief Association ,Health,Juba
German Leprosy and TB Relief Association ,Health,Kajo Keji
German Leprosy and TB Relief Association ,Health,Lainya
German Leprosy and TB Relief Association ,Health,Morobo
German Leprosy and TB Relief Association ,Health,Terekeka
German Leprosy and TB Relief Association ,Health,Yei
German Leprosy and TB Relief Association ,Health,Nagero
German Leprosy and TB Relief Association ,Health,Nzara
German Leprosy and TB Relief Association ,Health,Tambura
German Leprosy and TB Relief Association ,Health,Yambio
German Leprosy and TB Relief Association ,Health,Cueibet
German Leprosy and TB Relief Association ,Health,Rumbek Centre
German Leprosy and TB Relief Association ,Health,Rumbek East
German Leprosy and TB Relief Association ,Health,Rumbek North
German Leprosy and TB Relief Association ,Health,Wulu
German Leprosy and TB Relief Association ,Health,Yirol East
German Leprosy and TB Relief Association ,Health,Wau
Search For Common Ground,Education,Juba
Search For Common Ground,Education,Terekeka
Search For Common Ground,Education,Magwi
Search For Common Ground,Education,Bor South
Search For Common Ground,Education,Rumbek Centre
Search For Common Ground,Education,Wau
Search For Common Ground,Protection,Juba
Search For Common Ground,Protection,Terekeka
Search For Common Ground,Protection,Magwi
Search For Common Ground,Protection,Bor South
Search For Common Ground,Protection,Rumbek Centre
Search For Common Ground,Protection,Wau
Search For Common Ground,Conflict Prevention & Peacebuilding,Juba
Search For Common Ground,Conflict Prevention & Peacebuilding,Terekeka
Search For Common Ground,Conflict Prevention & Peacebuilding,Yei
Search For Common Ground,Conflict Prevention & Peacebuilding,Magwi
Search For Common Ground,Conflict Prevention & Peacebuilding,Torit
Search For Common Ground,Conflict Prevention & Peacebuilding,Yambio
Search For Common Ground,Conflict Prevention & Peacebuilding,Bor South
Search For Common Ground,Conflict Prevention & Peacebuilding,Awerial
Search For Common Ground,Conflict Prevention & Peacebuilding,Rumbek Centre
Search For Common Ground,Conflict Prevention & Peacebuilding,Wau
Search For Common Ground,Conflict Prevention & Peacebuilding,Tonj North
Search For Common Ground,Governance & Rule of Law,Juba
Search For Common Ground,Governance & Rule of Law,Terekeka
Search For Common Ground,Governance & Rule of Law,Yei
Search For Common Ground,Governance & Rule of Law,Magwi
Search For Common Ground,Governance & Rule of Law,Bor South
Search For Common Ground,Governance & Rule of Law,Awerial
Search For Common Ground,Governance & Rule of Law,Rumbek Centre
Search For Common Ground,Governance & Rule of Law,Wau
Search For Common Ground,Governance & Rule of Law,Tonj North
Search For Common Ground,Media,Juba
Search For Common Ground,Media,Lainya
Search For Common Ground,Media,Terekeka
Search For Common Ground,Media,Yei
Search For Common Ground,Media,Magwi
Search For Common Ground,Media,Torit
Search For Common Ground,Media,Yambio
Search For Common Ground,Media,Bor South
Search For Common Ground,Media,Awerial
Search For Common Ground,Media,Rumbek Centre
Search For Common Ground,Media,Jur River
Search For Common Ground,Media,Wau
Search For Common Ground,Media,Tonj North
Concordis International Trust,Conflict Prevention & Peacebuilding,Aweil East
Concordis International Trust,Conflict Prevention & Peacebuilding,Aweil North
Concordis International Trust,Conflict Prevention & Peacebuilding,Aweil West
Concordis International Trust,Conflict Prevention & Peacebuilding,Raga
NORWEGIAN CHURCH AID,Education,Torit
NORWEGIAN CHURCH AID,Education,Wau
NORWEGIAN CHURCH AID,Health,Kapoeta East
NORWEGIAN CHURCH AID,Health,Wau
NORWEGIAN CHURCH AID,Shelter and Non-Food Items,Juba
NORWEGIAN CHURCH AID,Shelter and Non-Food Items,Yei
NORWEGIAN CHURCH AID,Shelter and Non-Food Items,Lafon
NORWEGIAN CHURCH AID,Shelter and Non-Food Items,Torit
NORWEGIAN CHURCH AID,Shelter and Non-Food Items,Gogrial West
NORWEGIAN CHURCH AID,WASH,Juba
NORWEGIAN CHURCH AID,WASH,Lafon
NORWEGIAN CHURCH AID,WASH,Torit
NORWEGIAN CHURCH AID,WASH,Pibor
NORWEGIAN CHURCH AID,Conflict Prevention & Peacebuilding,Juba
NORWEGIAN CHURCH AID,Conflict Prevention & Peacebuilding,Yei
NORWEGIAN CHURCH AID,Conflict Prevention & Peacebuilding,Lafon
NORWEGIAN CHURCH AID,Conflict Prevention & Peacebuilding,Torit
NORWEGIAN CHURCH AID,Conflict Prevention & Peacebuilding,Pibor
NORWEGIAN CHURCH AID,Conflict Prevention & Peacebuilding,Wau
United Methodist Commitee on Relief,Education,Lainya
United Methodist Commitee on Relief,Education,Morobo
United Methodist Commitee on Relief,Education,Yei
United Methodist Commitee on Relief,Education,Aweil Centre
United Methodist Commitee on Relief,Education,Aweil East
United Methodist Commitee on Relief,Education,Aweil North
United Methodist Commitee on Relief,Education,Aweil South
United Methodist Commitee on Relief,Education,Aweil West
United Methodist Commitee on Relief,Food Security & Livlihoods,Lainya
United Methodist Commitee on Relief,Food Security & Livlihoods,Morobo
United Methodist Commitee on Relief,Food Security & Livlihoods,Yei
United Methodist Commitee on Relief,Food Security & Livlihoods,Aweil Centre
United Methodist Commitee on Relief,Food Security & Livlihoods,Aweil East
United Methodist Commitee on Relief,Food Security & Livlihoods,Aweil North
United Methodist Commitee on Relief,Food Security & Livlihoods,Aweil South
United Methodist Commitee on Relief,Food Security & Livlihoods,Aweil West
United Methodist Commitee on Relief,CCCM,Aweil Centre
United Methodist Commitee on Relief,CCCM,Aweil East
United Methodist Commitee on Relief,CCCM,Aweil North
United Methodist Commitee on Relief,CCCM,Aweil South
United Methodist Commitee on Relief,CCCM,Aweil West
United Methodist Commitee on Relief,Protection,Yei
United Methodist Commitee on Relief,Shelter and Non-Food Items,Yei
United Methodist Commitee on Relief,Shelter and Non-Food Items,Aweil Centre
United Methodist Commitee on Relief,Shelter and Non-Food Items,Aweil East
United Methodist Commitee on Relief,Shelter and Non-Food Items,Aweil North
United Methodist Commitee on Relief,Shelter and Non-Food Items,Aweil South
United Methodist Commitee on Relief,Shelter and Non-Food Items,Aweil West
United Methodist Commitee on Relief,WASH,Lainya
United Methodist Commitee on Relief,WASH,Morobo
United Methodist Commitee on Relief,WASH,Yei
United Methodist Commitee on Relief,WASH,Aweil Centre
United Methodist Commitee on Relief,WASH,Aweil East
United Methodist Commitee on Relief,WASH,Aweil North
United Methodist Commitee on Relief,WASH,Aweil South
United Methodist Commitee on Relief,WASH,Aweil West
United Methodist Commitee on Relief,Governance & Rule of Law,Aweil Centre
United Methodist Commitee on Relief,Governance & Rule of Law,Aweil East
United Methodist Commitee on Relief,Governance & Rule of Law,Aweil North
United Methodist Commitee on Relief,Governance & Rule of Law,Aweil South
United Methodist Commitee on Relief,Governance & Rule of Law,Aweil West
FOOD FOR THE HUNGRY,Education,Akobo
FOOD FOR THE HUNGRY,Education,Bor South
FOOD FOR THE HUNGRY,Education,Twic East
FOOD FOR THE HUNGRY,Education,Duk
FOOD FOR THE HUNGRY,Education,Fangak
FOOD FOR THE HUNGRY,Education,Nyirol
FOOD FOR THE HUNGRY,Education,Pibor
FOOD FOR THE HUNGRY,Education,Pochalla
FOOD FOR THE HUNGRY,Education,Uror
FOOD FOR THE HUNGRY,Education,Longochuk
FOOD FOR THE HUNGRY,Education,Maban
FOOD FOR THE HUNGRY,Education,Malakal
FOOD FOR THE HUNGRY,Education,Maiwut
FOOD FOR THE HUNGRY,Education,Melut
FOOD FOR THE HUNGRY,Education,Renk
FOOD FOR THE HUNGRY,Education,Ulang
FOOD FOR THE HUNGRY,Food Security & Livlihoods,Mundri East
FOOD FOR THE HUNGRY,Food Security & Livlihoods,Mundri West
FOOD FOR THE HUNGRY,Food Security & Livlihoods,Mvolo
FOOD FOR THE HUNGRY,Food Security & Livlihoods,Fangak
FOOD FOR THE HUNGRY,Food Security & Livlihoods,Canal/pigi
Overseas Developmen Institute,Governance & Rule of Law,Juba
Fauna & Flora International,Food Security & Livlihoods,Ezo
Fauna & Flora International,Food Security & Livlihoods,Nzara
Fauna & Flora International,Food Security & Livlihoods,Yambio
Fauna & Flora International,Conflict Prevention & Peacebuilding,Ezo
Fauna & Flora International,Conflict Prevention & Peacebuilding,Nzara
Fauna & Flora International,Conflict Prevention & Peacebuilding,Yambio
Fauna & Flora International,Environment & Natural Resources,Ezo
Fauna & Flora International,Environment & Natural Resources,Nzara
Fauna & Flora International,Environment & Natural Resources,Yambio
Catholic Medical Mission Board ,Health,Ezo
Catholic Medical Mission Board ,Health,Mvolo
Catholic Medical Mission Board ,Health,Nzara
Catholic Medical Mission Board ,Health,Yambio
Catholic Medical Mission Board ,Protection,Ezo
Catholic Medical Mission Board ,Protection,Mvolo
Catholic Medical Mission Board ,Protection,Nzara
Catholic Medical Mission Board ,Protection,Yambio
Catholic Medical Mission Board ,WASH,Ezo
Catholic Medical Mission Board ,WASH,Nzara
Catholic Medical Mission Board ,WASH,Yambio
Christian Aid,Food Security & Livlihoods,Aweil North
Christian Aid,Food Security & Livlihoods,Aweil West
Christian Aid,Food Security & Livlihoods,Jur River
Christian Aid,Food Security & Livlihoods,Guit
Christian Aid,Food Security & Livlihoods,Panyijar
Christian Aid,Food Security & Livlihoods,Rubkona
Christian Aid,Shelter and Non-Food Items,Leer
Christian Aid,Shelter and Non-Food Items,Panyijar
Christian Aid,Shelter and Non-Food Items,Rubkona
Christian Aid,WASH,Guit
Christian Aid,WASH,Leer
Christian Aid,WASH,Mayendit
Christian Aid,WASH,Panyijar
Christian Aid,WASH,Rubkona
Christian Aid,Conflict Prevention & Peacebuilding,Juba
Christian Aid,Conflict Prevention & Peacebuilding,Bor South
Christian Aid,Conflict Prevention & Peacebuilding,Wau
Real Medicine Foundation,Health,Juba
Real Medicine Foundation,Health,Ayod
Real Medicine Foundation,Health,Pibor
Real Medicine Foundation,Nutrition,Ayod
Real Medicine Foundation,Nutrition,Pibor
MALARIA CONSORTIUM,Health,Juba
MALARIA CONSORTIUM,Health,Aweil Centre
MALARIA CONSORTIUM,Health,Aweil East
MALARIA CONSORTIUM,Health,Aweil North
MALARIA CONSORTIUM,Health,Aweil South
MALARIA CONSORTIUM,Health,Aweil West
MALARIA CONSORTIUM,Nutrition,Juba
MALARIA CONSORTIUM,Nutrition,Aweil Centre
MALARIA CONSORTIUM,Nutrition,Aweil East
MALARIA CONSORTIUM,Nutrition,Aweil South
MALARIA CONSORTIUM,Nutrition,Aweil West
Islamic Relief,Education,Juba
Islamic Relief,Education,Kajo Keji
Islamic Relief,Education,Lainya
Islamic Relief,Education,Yei
Islamic Relief,Education,Kapoeta East
Islamic Relief,Education,Tonj East
Islamic Relief,Education,Tonj North
Islamic Relief,Food Security & Livlihoods,Juba
Islamic Relief,Food Security & Livlihoods,Lainya
Islamic Relief,Food Security & Livlihoods,Terekeka
Islamic Relief,Food Security & Livlihoods,Yei
Islamic Relief,Food Security & Livlihoods,Kapoeta East
Islamic Relief,Food Security & Livlihoods,Tonj East
Islamic Relief,Food Security & Livlihoods,Tonj North
Islamic Relief,Nutrition,Juba
Islamic Relief,Nutrition,Yei
Islamic Relief,Nutrition,Tambura
Islamic Relief,WASH,Juba
Islamic Relief,WASH,Lainya
Islamic Relief,WASH,Terekeka
Islamic Relief,WASH,Yei
Islamic Relief,WASH,Kapoeta North
CARE International in South Sudan,Education,Juba
CARE International in South Sudan,Education,Ikotos
CARE International in South Sudan,Education,Magwi
CARE International in South Sudan,Education,Torit
CARE International in South Sudan,Education,Twic East
CARE International in South Sudan,Education,Duk
CARE International in South Sudan,Education,Uror
CARE International in South Sudan,Education,Abiemnon
CARE International in South Sudan,Education,Mayom
CARE International in South Sudan,Education,Pariang
CARE International in South Sudan,Education,Rubkona
CARE International in South Sudan,Education,Maiwut
CARE International in South Sudan,Food Security & Livlihoods,Ikotos
CARE International in South Sudan,Food Security & Livlihoods,Magwi
CARE International in South Sudan,Food Security & Livlihoods,Torit
CARE International in South Sudan,Food Security & Livlihoods,Pariang
CARE International in South Sudan,Food Security & Livlihoods,Rubkona
CARE International in South Sudan,Health,Abiemnon
CARE International in South Sudan,Health,Mayom
CARE International in South Sudan,Health,Pariang
CARE International in South Sudan,Nutrition,Abiemnon
CARE International in South Sudan,Nutrition,Mayom
CARE International in South Sudan,Nutrition,Pariang
CARE International in South Sudan,Nutrition,Rubkona
CARE International in South Sudan,Protection,Ikotos
CARE International in South Sudan,Protection,Magwi
CARE International in South Sudan,Protection,Torit
CARE International in South Sudan,Protection,Pariang
CARE International in South Sudan,Protection,Rubkona
CARE International in South Sudan,Shelter and Non-Food Items,Ikotos
CARE International in South Sudan,Shelter and Non-Food Items,Magwi
CARE International in South Sudan,Shelter and Non-Food Items,Torit
CARE International in South Sudan,Conflict Prevention & Peacebuilding,Twic East
CARE International in South Sudan,Conflict Prevention & Peacebuilding,Duk
CARE International in South Sudan,Conflict Prevention & Peacebuilding,Uror
HEKS-EPER(Swiss Church Aid),WASH,Juba
HEKS-EPER(Swiss Church Aid),WASH,Lainya
HEKS-EPER(Swiss Church Aid),WASH,Morobo
HEKS-EPER(Swiss Church Aid),WASH,Terekeka
HEKS-EPER(Swiss Church Aid),WASH,Yei
HEKS-EPER(Swiss Church Aid),WASH,Mvolo
HEKS-EPER(Swiss Church Aid),Conflict Prevention & Peacebuilding,Juba
HEKS-EPER(Swiss Church Aid),Conflict Prevention & Peacebuilding,Lainya
HEKS-EPER(Swiss Church Aid),Conflict Prevention & Peacebuilding,Morobo
HEKS-EPER(Swiss Church Aid),Conflict Prevention & Peacebuilding,Terekeka
HEKS-EPER(Swiss Church Aid),Conflict Prevention & Peacebuilding,Yei
The Lutheran World Federation,Education,Ayod
The Lutheran World Federation,Education,Bor South
The Lutheran World Federation,Education,Twic East
The Lutheran World Federation,Education,Duk
The Lutheran World Federation,Education,Uror
The Lutheran World Federation,Education,Pariang
The Lutheran World Federation,Education,Maban
The Lutheran World Federation,Food Security & Livlihoods,Ayod
The Lutheran World Federation,Food Security & Livlihoods,Bor South
The Lutheran World Federation,Food Security & Livlihoods,Twic East
The Lutheran World Federation,Food Security & Livlihoods,Duk
The Lutheran World Federation,Food Security & Livlihoods,Uror
The Lutheran World Federation,Shelter and Non-Food Items,Ayod
The Lutheran World Federation,Shelter and Non-Food Items,Bor South
The Lutheran World Federation,Shelter and Non-Food Items,Twic East
The Lutheran World Federation,Shelter and Non-Food Items,Duk
The Lutheran World Federation,Shelter and Non-Food Items,Uror
The Lutheran World Federation,WASH,Twic East
The Lutheran World Federation,WASH,Duk
The Lutheran World Federation,Conflict Prevention & Peacebuilding,Twic East
The Lutheran World Federation,Conflict Prevention & Peacebuilding,Duk
ACTED,Food Security & Livlihoods,Kajo Keji
ACTED,Food Security & Livlihoods,Akobo
ACTED,Food Security & Livlihoods,Awerial
ACTED,Food Security & Livlihoods,Wau
ACTED,Food Security & Livlihoods,Mayom
ACTED,Food Security & Livlihoods,Maban
ACTED,Health,Tonj South
ACTED,CCCM,Juba
ACTED,CCCM,Kajo Keji
ACTED,CCCM,Bor South
ACTED,CCCM,Wau
ACTED,CCCM,Maban
ACTED,Protection,Juba
ACTED,Protection,Kajo Keji
ACTED,Protection,Bor South
ACTED,Protection,Wau
ACTED,Protection,Mayom
ACTED,Protection,Maban
ACTED,Protection,Tonj South
ACTED,WASH,Awerial
ACTED,WASH,Maban
ACTED,Conflict Prevention & Peacebuilding,Akobo
ACTED,Conflict Prevention & Peacebuilding,Maban
ACTED,Environment & Natural Resources,Tonj South
ACTED,Media,Juba
Fauna & Flora International,Education,Juba
Fauna & Flora International,Education,Ezo
Fauna & Flora International,Education,Nzara
Fauna & Flora International,Education,Tambura
Fauna & Flora International,Education,Yambio
Justice Africa,Education,Juba
Justice Africa,Food Security & Livlihoods,Juba
Justice Africa,Health,Juba
Justice Africa,CCCM,Juba
Justice Africa,Mine Action,Juba
Justice Africa,Shelter and Non-Food Items,Juba
Justice Africa,Governance & Rule of Law,Juba
Justice Africa,Media,Juba
WORLD CONCERN DEVELOPMENT ORGANIZATION,Education,Jur River
WORLD CONCERN DEVELOPMENT ORGANIZATION,Education,Gogrial West
WORLD CONCERN DEVELOPMENT ORGANIZATION,Food Security & Livlihoods,Jur River
WORLD CONCERN DEVELOPMENT ORGANIZATION,Food Security & Livlihoods,Gogrial West
WORLD CONCERN DEVELOPMENT ORGANIZATION,Protection,Wau
WORLD CONCERN DEVELOPMENT ORGANIZATION,Shelter and Non-Food Items,Wau
WORLD CONCERN DEVELOPMENT ORGANIZATION,WASH,Jur River
WORLD CONCERN DEVELOPMENT ORGANIZATION,WASH,Gogrial West
SIGN OF HOPE,Food Security & Livlihoods,Rumbek Centre
SIGN OF HOPE,Food Security & Livlihoods,Panyijar
SIGN OF HOPE,Health,Rumbek Centre
SIGN OF HOPE,Health,Panyijar
SIGN OF HOPE,Nutrition,Rumbek Centre
SIGN OF HOPE,Nutrition,Panyijar
SIGN OF HOPE,Shelter and Non-Food Items,Panyijar
Action Africa Help International,Food Security & Livlihoods,Juba
Action Africa Help International,Food Security & Livlihoods,Wau
Action Africa Help International,Health,Kajo Keji
Action Africa Help International,Health,Lainya
Action Africa Help International,Health,Morobo
Action Africa Help International,Health,Yei
Action Africa Help International,Health,Ibba
Action Africa Help International,Health,Maridi
Action Africa Help International,Health,Mundri East
Action Africa Help International,Health,Mundri West
Action Africa Help International,Health,Mvolo
Action Africa Help International,Shelter and Non-Food Items,Yei
Action Africa Help International,Shelter and Non-Food Items,Yambio
Action Africa Help International,Shelter and Non-Food Items,Rumbek Centre
Action Africa Help International,Shelter and Non-Food Items,Pariang
Action Africa Help International,Shelter and Non-Food Items,Maban
Action Africa Help International,Shelter and Non-Food Items,Malakal
Action Africa Help International,Conflict Prevention & Peacebuilding,Juba
Action Africa Help International,Conflict Prevention & Peacebuilding,Yei
Action Africa Help International,Conflict Prevention & Peacebuilding,Maridi
Action Africa Help International,Conflict Prevention & Peacebuilding,Mundri West
Adeso,WASH,Juba
Adeso,WASH,Aweil North
Adeso,WASH,Aweil West
LIGHT FOR THE WORLD INTERNATIONAL,Education,Juba
LIGHT FOR THE WORLD INTERNATIONAL,Education,Lainya
LIGHT FOR THE WORLD INTERNATIONAL,Education,Morobo
LIGHT FOR THE WORLD INTERNATIONAL,Education,Yei
LIGHT FOR THE WORLD INTERNATIONAL,Education,Maridi
LIGHT FOR THE WORLD INTERNATIONAL,Education,Mundri East
LIGHT FOR THE WORLD INTERNATIONAL,Education,Mundri West
LIGHT FOR THE WORLD INTERNATIONAL,Food Security & Livlihoods,Maridi
LIGHT FOR THE WORLD INTERNATIONAL,Food Security & Livlihoods,Mundri East
LIGHT FOR THE WORLD INTERNATIONAL,Food Security & Livlihoods,Mundri West
LIGHT FOR THE WORLD INTERNATIONAL,Health,Juba
LIGHT FOR THE WORLD INTERNATIONAL,Health,Lainya
LIGHT FOR THE WORLD INTERNATIONAL,Health,Morobo
LIGHT FOR THE WORLD INTERNATIONAL,Health,Yei
LIGHT FOR THE WORLD INTERNATIONAL,Health,Maridi
LIGHT FOR THE WORLD INTERNATIONAL,Health,Mundri East
LIGHT FOR THE WORLD INTERNATIONAL,Health,Mundri West
LIGHT FOR THE WORLD INTERNATIONAL,Health,Rumbek East
LIGHT FOR THE WORLD INTERNATIONAL,CCCM,Juba
LIGHT FOR THE WORLD INTERNATIONAL,Protection,Juba
The Alliance for International Medical Action,Health,Raga
The Alliance for International Medical Action,Nutrition,Raga
